viewer_id,age,gender,subscription_tier,viewer_country_id,preferred_native_language_id
VWR0001,55,Female,Standard,7,60
VWR0002,55,Female,Premium,4,10
VWR0003,57,Female,Standard,6,50
VWR0004,32,Non-Binary,Basic,1,10
VWR0005,27,Male,Standard,7,60
VWR0006,22,Female,Basic,1,10
VWR0007,46,Male,Standard,3,30
VWR0008,33,Female,Standard,2,20
VWR0009,40,Male,Standard,2,110
VWR0010,56,Female,Premium,4,10
VWR0011,35,Female,Premium,10,40
VWR0012,49,Female,Basic,4,10
VWR0013,45,Female,Basic,1,10
VWR0014,47,Female,Basic,8,70
VWR0015,53,Female,Premium,2,120
VWR0016,41,Male,Standard,1,10
VWR0017,46,Male,Basic,1,10
VWR0018,39,Male,Standard,4,10
VWR0019,56,Male,Standard,2,20
VWR0020,43,Male,Standard,5,40
VWR0021,54,Female,Premium,2,20
VWR0022,56,Female,Standard,9,80
VWR0023,59,Female,Premium,3,30
VWR0024,19,Female,Standard,1,10
VWR0025,29,Female,Basic,6,50
VWR0026,21,Male,Standard,2,20
VWR0027,35,Non-Binary,Basic,2,120
VWR0028,19,Male,Standard,4,10
VWR0029,63,Male,Premium,9,80
VWR0030,41,Female,Premium,6,50
VWR0031,22,Male,Standard,2,20
VWR0032,35,Male,Standard,1,10
VWR0033,62,Female,Basic,2,90
VWR0034,18,Male,Standard,6,50
VWR0035,47,Female,Standard,1,10
VWR0036,47,Male,Premium,4,10
VWR0037,23,Male,Standard,1,10
VWR0038,28,Female,Basic,10,40
VWR0039,64,Non-Binary,Basic,2,20
VWR0040,30,Female,Standard,5,40
VWR0041,63,Male,Basic,2,110
VWR0042,44,Male,Basic,4,10
VWR0043,29,Non-Binary,Basic,9,80
VWR0044,49,Male,Standard,2,20
VWR0045,51,Male,Standard,7,60
VWR0046,20,Non-Binary,Standard,8,70
VWR0047,54,Male,Standard,1,10
VWR0048,31,Male,Premium,2,100
VWR0049,65,Female,Basic,4,10
VWR0050,34,Male,Basic,7,60
VWR0051,51,Female,Basic,9,80
VWR0052,55,Male,Standard,1,10
VWR0053,20,Male,Basic,5,40
VWR0054,28,Male,Basic,2,20
VWR0055,24,Male,Standard,5,40
VWR0056,52,Male,Basic,1,10
VWR0057,47,Female,Standard,7,60
VWR0058,48,Female,Basic,6,50
VWR0059,48,Female,Basic,2,100
VWR0060,32,Female,Premium,10,40
VWR0061,44,Male,Basic,3,30
VWR0062,55,Male,Standard,4,10
VWR0063,56,Non-Binary,Premium,9,80
VWR0064,54,Female,Basic,1,10
VWR0065,23,Male,Standard,2,20
VWR0066,47,Male,Standard,7,60
VWR0067,30,Female,Basic,5,40
VWR0068,33,Female,Standard,1,10
VWR0069,27,Female,Premium,6,50
VWR0070,28,Male,Standard,2,110
VWR0071,62,Male,Standard,5,40
VWR0072,63,Male,Premium,2,110
VWR0073,26,Male,Basic,2,100
VWR0074,56,Male,Basic,2,110
VWR0075,65,Non-Binary,Basic,3,30
VWR0076,29,Female,Standard,9,80
VWR0077,57,Female,Standard,2,20
VWR0078,32,Male,Basic,1,10
VWR0079,23,Male,Standard,2,110
VWR0080,37,Male,Premium,2,100
VWR0081,44,Male,Standard,1,10
VWR0082,24,Male,Basic,3,30
VWR0083,24,Female,Standard,5,40
VWR0084,28,Male,Standard,7,60
VWR0085,18,Female,Premium,2,110
VWR0086,37,Male,Standard,2,20
VWR0087,46,Female,Standard,1,10
VWR0088,52,Non-Binary,Basic,6,50
VWR0089,45,Female,Standard,1,10
VWR0090,27,Male,Premium,5,40
VWR0091,34,Male,Premium,6,50
VWR0092,47,Male,Standard,6,50
VWR0093,49,Male,Basic,1,10
VWR0094,41,Male,Basic,4,10
VWR0095,52,Male,Basic,2,20
VWR0096,38,Male,Basic,2,110
VWR0097,64,Male,Standard,1,10
VWR0098,52,Male,Standard,2,20
VWR0099,45,Female,Basic,5,40
VWR0100,57,Male,Premium,3,30
VWR0101,64,Female,Standard,8,70
VWR0102,38,Male,Basic,1,10
VWR0103,58,Female,Basic,10,40
VWR0104,64,Male,Premium,3,30
VWR0105,45,Male,Basic,6,50
VWR0106,64,Female,Premium,6,50
VWR0107,45,Non-Binary,Standard,8,70
VWR0108,37,Female,Standard,4,10
VWR0109,62,Female,Standard,7,60
VWR0110,45,Male,Standard,3,30
VWR0111,50,Female,Standard,1,10
VWR0112,61,Male,Basic,9,80
VWR0113,60,Male,Basic,2,110
VWR0114,58,Male,Basic,4,10
VWR0115,38,Male,Standard,1,10
VWR0116,56,Female,Standard,6,50
VWR0117,39,Female,Standard,5,40
VWR0118,39,Male,Basic,4,10
VWR0119,65,Female,Standard,2,110
VWR0120,42,Male,Basic,1,10
VWR0121,23,Female,Standard,8,70
VWR0122,65,Non-Binary,Standard,2,90
VWR0123,46,Female,Basic,2,100
VWR0124,28,Female,Standard,4,10
VWR0125,36,Female,Standard,2,20
VWR0126,26,Male,Premium,2,120
VWR0127,43,Male,Premium,1,10
VWR0128,29,Female,Standard,4,10
VWR0129,43,Female,Standard,10,40
VWR0130,35,Male,Standard,2,120
VWR0131,61,Non-Binary,Standard,1,10
VWR0132,52,Male,Premium,2,120
VWR0133,47,Male,Premium,3,30
VWR0134,29,Male,Basic,1,10
VWR0135,47,Female,Standard,8,70
VWR0136,55,Female,Premium,1,10
VWR0137,57,Male,Standard,2,20
VWR0138,23,Female,Standard,3,30
VWR0139,38,Female,Basic,10,40
VWR0140,61,Male,Standard,4,10
VWR0141,59,Male,Standard,6,50
VWR0142,28,Male,Standard,1,10
VWR0143,63,Female,Basic,2,110
VWR0144,31,Female,Standard,2,20
VWR0145,46,Non-Binary,Standard,5,40
VWR0146,50,Female,Premium,10,40
VWR0147,28,Male,Standard,8,70
VWR0148,65,Male,Standard,1,10
VWR0149,48,Female,Basic,8,70
VWR0150,63,Female,Standard,2,100
VWR0151,52,Female,Standard,4,10
VWR0152,21,Male,Standard,8,70
VWR0153,20,Male,Standard,8,70
VWR0154,59,Male,Standard,3,30
VWR0155,34,Female,Standard,1,10
VWR0156,64,Male,Standard,7,60
VWR0157,48,Male,Basic,2,90
VWR0158,22,Male,Standard,5,40
VWR0159,34,Male,Standard,7,60
VWR0160,62,Male,Basic,2,110
VWR0161,26,Male,Basic,1,10
VWR0162,54,Male,Basic,2,100
VWR0163,28,Female,Basic,10,40
VWR0164,61,Male,Standard,6,50
VWR0165,27,Female,Premium,6,50
VWR0166,19,Female,Standard,2,90
VWR0167,18,Male,Standard,1,10
VWR0168,51,Male,Standard,6,50
VWR0169,40,Female,Standard,1,10
VWR0170,51,Male,Premium,3,30
VWR0171,28,Female,Standard,3,30
VWR0172,42,Male,Premium,3,30
VWR0173,31,Male,Basic,2,100
VWR0174,25,Female,Standard,7,60
VWR0175,58,Female,Premium,3,30
VWR0176,51,Female,Standard,8,70
VWR0177,43,Female,Premium,2,20
VWR0178,35,Female,Standard,3,30
VWR0179,23,Non-Binary,Basic,6,50
VWR0180,33,Male,Standard,4,10
VWR0181,59,Female,Basic,1,10
VWR0182,29,Male,Standard,6,50
VWR0183,23,Female,Standard,4,10
VWR0184,26,Female,Basic,9,80
VWR0185,55,Female,Basic,2,120
VWR0186,21,Male,Standard,9,80
VWR0187,25,Male,Standard,1,10
VWR0188,55,Male,Standard,1,10
VWR0189,55,Male,Premium,4,10
VWR0190,46,Female,Basic,6,50
VWR0191,57,Female,Premium,7,60
VWR0192,56,Male,Standard,2,110
VWR0193,50,Male,Standard,2,110
VWR0194,33,Male,Standard,2,120
VWR0195,58,Male,Premium,3,30
VWR0196,49,Male,Premium,10,40
VWR0197,49,Male,Basic,3,30
VWR0198,24,Female,Standard,2,100
VWR0199,52,Female,Basic,5,40
VWR0200,32,Male,Standard,1,10
VWR0201,48,Male,Basic,2,120
VWR0202,54,Female,Basic,4,10
VWR0203,43,Female,Premium,1,10
VWR0204,28,Male,Standard,4,10
VWR0205,56,Female,Standard,3,30
VWR0206,48,Female,Premium,2,100
VWR0207,39,Female,Premium,2,100
VWR0208,45,Female,Standard,2,100
VWR0209,43,Male,Standard,1,10
VWR0210,26,Non-Binary,Standard,5,40
VWR0211,63,Male,Standard,1,10
VWR0212,19,Male,Standard,2,100
VWR0213,65,Male,Basic,2,120
VWR0214,35,Male,Basic,3,30
VWR0215,64,Female,Premium,2,110
VWR0216,60,Male,Premium,10,40
VWR0217,33,Male,Standard,6,50
VWR0218,21,Female,Basic,2,20
VWR0219,25,Female,Premium,2,100
VWR0220,64,Male,Basic,1,10
VWR0221,37,Female,Standard,1,10
VWR0222,54,Female,Standard,2,100
VWR0223,36,Female,Basic,4,10
VWR0224,62,Female,Basic,7,60
VWR0225,46,Female,Basic,8,70
VWR0226,47,Male,Basic,2,90
VWR0227,34,Male,Standard,10,40
VWR0228,25,Female,Standard,1,10
VWR0229,21,Female,Basic,7,60
VWR0230,41,Male,Standard,10,40
VWR0231,50,Female,Basic,1,10
VWR0232,36,Female,Standard,4,10
VWR0233,54,Male,Standard,6,50
VWR0234,28,Female,Premium,1,10
VWR0235,47,Female,Premium,1,10
VWR0236,61,Male,Basic,7,60
VWR0237,65,Male,Basic,3,30
VWR0238,54,Male,Standard,1,10
VWR0239,45,Female,Standard,6,50
VWR0240,42,Male,Basic,2,120
VWR0241,32,Female,Standard,2,100
VWR0242,59,Female,Standard,4,10
VWR0243,40,Female,Standard,4,10
VWR0244,30,Female,Basic,4,10
VWR0245,19,Female,Premium,1,10
VWR0246,26,Female,Premium,1,10
VWR0247,32,Female,Basic,2,100
VWR0248,35,Male,Premium,1,10
VWR0249,19,Male,Premium,7,60
VWR0250,19,Male,Standard,2,110
VWR0251,42,Male,Standard,6,50
VWR0252,42,Female,Basic,1,10
VWR0253,50,Female,Standard,10,40
VWR0254,31,Male,Standard,1,10
VWR0255,65,Non-Binary,Standard,4,10
VWR0256,50,Male,Basic,2,20
VWR0257,47,Male,Standard,1,10
VWR0258,40,Male,Basic,2,20
VWR0259,59,Male,Premium,1,10
VWR0260,59,Female,Premium,1,10
VWR0261,35,Female,Premium,1,10
VWR0262,33,Male,Basic,1,10
VWR0263,26,Female,Standard,3,30
VWR0264,31,Female,Standard,1,10
VWR0265,28,Male,Basic,2,110
VWR0266,27,Female,Premium,3,30
VWR0267,25,Female,Basic,1,10
VWR0268,58,Male,Premium,2,110
VWR0269,19,Female,Basic,4,10
VWR0270,20,Female,Basic,9,80
VWR0271,42,Female,Standard,2,120
VWR0272,24,Male,Premium,1,10
VWR0273,22,Male,Standard,1,10
VWR0274,52,Male,Premium,10,40
VWR0275,18,Male,Standard,7,60
VWR0276,26,Male,Standard,9,80
VWR0277,60,Female,Standard,10,40
VWR0278,54,Male,Basic,6,50
VWR0279,27,Male,Basic,1,10
VWR0280,43,Male,Standard,1,10
VWR0281,29,Female,Basic,2,100
VWR0282,47,Female,Standard,6,50
VWR0283,35,Female,Basic,4,10
VWR0284,55,Female,Premium,2,90
VWR0285,42,Female,Standard,6,50
VWR0286,18,Male,Basic,10,40
VWR0287,28,Male,Basic,7,60
VWR0288,40,Male,Premium,3,30
VWR0289,43,Male,Basic,10,40
VWR0290,52,Male,Standard,4,10
VWR0291,50,Female,Basic,5,40
VWR0292,34,Male,Premium,9,80
VWR0293,47,Female,Standard,7,60
VWR0294,34,Male,Standard,2,120
VWR0295,52,Male,Basic,5,40
VWR0296,25,Male,Standard,3,30
VWR0297,40,Male,Standard,1,10
VWR0298,23,Non-Binary,Premium,10,40
VWR0299,50,Male,Premium,1,10
VWR0300,30,Female,Standard,2,20
VWR0301,27,Female,Standard,4,10
VWR0302,52,Male,Basic,1,10
VWR0303,51,Male,Basic,10,40
VWR0304,58,Female,Standard,5,40
VWR0305,63,Male,Premium,8,70
VWR0306,30,Male,Premium,4,10
VWR0307,36,Male,Standard,10,40
VWR0308,47,Male,Standard,2,110
VWR0309,34,Female,Standard,2,20
VWR0310,56,Non-Binary,Basic,2,120
VWR0311,48,Female,Standard,2,90
VWR0312,33,Male,Basic,7,60
VWR0313,30,Male,Standard,2,120
VWR0314,26,Female,Basic,2,100
VWR0315,61,Male,Standard,6,50
VWR0316,38,Male,Basic,5,40
VWR0317,58,Female,Basic,2,20
VWR0318,52,Female,Standard,2,20
VWR0319,64,Male,Basic,1,10
VWR0320,42,Female,Basic,10,40
VWR0321,45,Female,Premium,4,10
VWR0322,49,Female,Basic,6,50
VWR0323,64,Female,Standard,1,10
VWR0324,62,Non-Binary,Standard,2,110
VWR0325,35,Female,Standard,5,40
VWR0326,58,Female,Standard,9,80
VWR0327,40,Male,Basic,8,70
VWR0328,33,Female,Basic,7,60
VWR0329,24,Non-Binary,Premium,2,100
VWR0330,56,Female,Standard,3,30
VWR0331,60,Male,Standard,3,30
VWR0332,59,Non-Binary,Standard,4,10
VWR0333,33,Male,Standard,1,10
VWR0334,44,Female,Standard,9,80
VWR0335,59,Female,Premium,1,10
VWR0336,51,Male,Standard,4,10
VWR0337,65,Female,Standard,7,60
VWR0338,54,Male,Standard,1,10
VWR0339,44,Female,Standard,2,100
VWR0340,34,Male,Standard,8,70
VWR0341,35,Male,Basic,2,90
VWR0342,58,Male,Standard,3,30
VWR0343,59,Male,Standard,2,120
VWR0344,49,Female,Basic,2,90
VWR0345,65,Female,Premium,4,10
VWR0346,24,Female,Basic,2,100
VWR0347,49,Female,Standard,2,120
VWR0348,40,Male,Standard,2,110
VWR0349,28,Male,Basic,2,90
VWR0350,50,Female,Standard,4,10
VWR0351,52,Male,Standard,7,60
VWR0352,23,Male,Standard,1,10
VWR0353,43,Female,Basic,9,80
VWR0354,43,Male,Standard,2,100
VWR0355,65,Female,Premium,8,70
VWR0356,23,Male,Basic,2,120
VWR0357,33,Female,Standard,8,70
VWR0358,32,Female,Premium,2,110
VWR0359,46,Female,Basic,2,90
VWR0360,33,Non-Binary,Premium,1,10
VWR0361,46,Male,Standard,3,30
VWR0362,44,Male,Standard,4,10
VWR0363,42,Female,Standard,2,120
VWR0364,34,Male,Standard,10,40
VWR0365,33,Male,Standard,9,80
VWR0366,26,Male,Premium,10,40
VWR0367,52,Female,Basic,6,50
VWR0368,50,Female,Standard,9,80
VWR0369,56,Male,Basic,1,10
VWR0370,53,Female,Basic,6,50
VWR0371,47,Female,Standard,2,20
VWR0372,19,Female,Standard,2,90
VWR0373,40,Female,Standard,1,10
VWR0374,40,Male,Standard,1,10
VWR0375,64,Male,Standard,4,10
VWR0376,43,Male,Standard,2,90
VWR0377,61,Male,Basic,4,10
VWR0378,50,Non-Binary,Basic,7,60
VWR0379,61,Female,Premium,4,10
VWR0380,21,Female,Standard,10,40
VWR0381,22,Female,Standard,1,10
VWR0382,64,Male,Premium,6,50
VWR0383,29,Female,Basic,7,60
VWR0384,64,Male,Basic,9,80
VWR0385,54,Female,Standard,10,40
VWR0386,42,Female,Basic,7,60
VWR0387,37,Male,Standard,2,20
VWR0388,49,Male,Basic,9,80
VWR0389,59,Female,Basic,2,100
VWR0390,51,Male,Premium,7,60
VWR0391,53,Male,Standard,1,10
VWR0392,51,Male,Basic,1,10
VWR0393,54,Male,Basic,2,120
VWR0394,58,Female,Basic,1,10
VWR0395,24,Female,Premium,2,100
VWR0396,54,Male,Standard,4,10
VWR0397,29,Female,Premium,8,70
VWR0398,20,Female,Premium,2,120
VWR0399,25,Female,Basic,7,60
VWR0400,61,Male,Standard,2,100
VWR0401,49,Male,Basic,9,80
VWR0402,39,Female,Premium,4,10
VWR0403,42,Female,Premium,4,10
VWR0404,22,Male,Standard,5,40
VWR0405,30,Female,Basic,2,110
VWR0406,48,Female,Premium,1,10
VWR0407,55,Male,Standard,6,50
VWR0408,38,Female,Standard,5,40
VWR0409,51,Male,Standard,6,50
VWR0410,26,Male,Basic,2,100
VWR0411,45,Male,Standard,10,40
VWR0412,49,Male,Standard,3,30
VWR0413,37,Female,Standard,4,10
VWR0414,51,Female,Basic,2,20
VWR0415,55,Female,Standard,1,10
VWR0416,38,Female,Standard,1,10
VWR0417,37,Male,Standard,1,10
VWR0418,61,Female,Standard,4,10
VWR0419,29,Female,Standard,3,30
VWR0420,31,Male,Premium,1,10
VWR0421,63,Male,Standard,9,80
VWR0422,54,Female,Basic,3,30
VWR0423,31,Female,Basic,9,80
VWR0424,60,Female,Premium,2,90
VWR0425,42,Female,Standard,10,40
VWR0426,20,Male,Standard,8,70
VWR0427,34,Female,Standard,4,10
VWR0428,58,Male,Premium,4,10
VWR0429,35,Male,Basic,5,40
VWR0430,42,Male,Premium,8,70
VWR0431,49,Male,Basic,7,60
VWR0432,20,Female,Standard,6,50
VWR0433,32,Male,Basic,5,40
VWR0434,49,Male,Standard,1,10
VWR0435,65,Male,Standard,1,10
VWR0436,43,Male,Basic,9,80
VWR0437,34,Male,Basic,8,70
VWR0438,30,Non-Binary,Standard,8,70
VWR0439,26,Female,Basic,3,30
VWR0440,25,Male,Premium,3,30
VWR0441,62,Female,Basic,1,10
VWR0442,46,Female,Standard,4,10
VWR0443,60,Female,Standard,7,60
VWR0444,31,Female,Basic,1,10
VWR0445,27,Male,Premium,1,10
VWR0446,40,Male,Premium,9,80
VWR0447,42,Male,Basic,1,10
VWR0448,29,Female,Basic,1,10
VWR0449,19,Female,Basic,6,50
VWR0450,36,Female,Basic,2,120
VWR0451,21,Male,Basic,10,40
VWR0452,19,Female,Basic,3,30
VWR0453,41,Male,Premium,9,80
VWR0454,18,Male,Standard,5,40
VWR0455,54,Male,Basic,7,60
VWR0456,54,Female,Basic,4,10
VWR0457,48,Female,Standard,8,70
VWR0458,42,Male,Standard,2,120
VWR0459,57,Male,Premium,5,40
VWR0460,48,Female,Basic,5,40
VWR0461,41,Male,Basic,4,10
VWR0462,42,Non-Binary,Premium,6,50
VWR0463,45,Female,Basic,2,20
VWR0464,63,Female,Premium,3,30
VWR0465,26,Female,Standard,10,40
VWR0466,44,Female,Standard,10,40
VWR0467,42,Male,Basic,3,30
VWR0468,26,Female,Basic,5,40
VWR0469,54,Male,Premium,2,90
VWR0470,57,Male,Standard,5,40
VWR0471,44,Male,Basic,8,70
VWR0472,24,Female,Standard,2,110
VWR0473,57,Male,Basic,9,80
VWR0474,60,Male,Standard,2,90
VWR0475,46,Male,Basic,1,10
VWR0476,29,Male,Standard,4,10
VWR0477,27,Female,Standard,4,10
VWR0478,27,Male,Standard,7,60
VWR0479,26,Female,Standard,8,70
VWR0480,57,Female,Standard,4,10
VWR0481,24,Female,Basic,1,10
VWR0482,21,Male,Basic,1,10
VWR0483,40,Male,Basic,9,80
VWR0484,41,Female,Basic,2,20
VWR0485,46,Female,Standard,9,80
VWR0486,53,Male,Premium,2,20
VWR0487,25,Female,Standard,1,10
VWR0488,53,Female,Standard,1,10
VWR0489,25,Female,Basic,2,90
VWR0490,26,Female,Standard,2,20
VWR0491,19,Female,Premium,3,30
VWR0492,55,Female,Standard,2,110
VWR0493,49,Non-Binary,Standard,1,10
VWR0494,23,Female,Basic,9,80
VWR0495,37,Female,Premium,1,10
VWR0496,60,Male,Standard,1,10
VWR0497,40,Female,Standard,2,20
VWR0498,55,Male,Basic,1,10
VWR0499,30,Female,Premium,8,70
VWR0500,19,Female,Premium,9,80
VWR0501,33,Female,Basic,1,10
VWR0502,39,Male,Standard,10,40
VWR0503,47,Female,Basic,7,60
VWR0504,57,Male,Standard,1,10
VWR0505,48,Male,Basic,2,90
VWR0506,62,Male,Standard,5,40
VWR0507,45,Male,Basic,3,30
VWR0508,64,Male,Basic,10,40
VWR0509,46,Female,Basic,2,20
VWR0510,38,Female,Premium,5,40
VWR0511,26,Female,Basic,1,10
VWR0512,41,Male,Standard,1,10
VWR0513,22,Male,Basic,2,20
VWR0514,57,Male,Standard,7,60
VWR0515,47,Female,Basic,10,40
VWR0516,57,Male,Standard,5,40
VWR0517,65,Female,Basic,1,10
VWR0518,23,Male,Standard,6,50
VWR0519,63,Male,Basic,2,20
VWR0520,48,Female,Standard,3,30
VWR0521,63,Male,Basic,3,30
VWR0522,21,Male,Standard,5,40
VWR0523,30,Male,Premium,1,10
VWR0524,30,Female,Standard,4,10
VWR0525,29,Female,Standard,1,10
VWR0526,58,Female,Basic,2,110
VWR0527,31,Male,Premium,2,100
VWR0528,51,Male,Premium,6,50
VWR0529,36,Female,Basic,5,40
VWR0530,40,Female,Basic,1,10
VWR0531,45,Male,Standard,7,60
VWR0532,18,Non-Binary,Standard,6,50
VWR0533,62,Female,Standard,2,100
VWR0534,34,Female,Basic,1,10
VWR0535,41,Female,Standard,2,110
VWR0536,32,Female,Basic,2,90
VWR0537,47,Male,Standard,2,110
VWR0538,43,Male,Premium,10,40
VWR0539,27,Female,Standard,3,30
VWR0540,26,Female,Standard,10,40
VWR0541,27,Male,Basic,9,80
VWR0542,60,Female,Basic,7,60
VWR0543,31,Male,Standard,10,40
VWR0544,39,Male,Standard,1,10
VWR0545,53,Male,Basic,1,10
VWR0546,49,Male,Premium,4,10
VWR0547,60,Male,Premium,1,10
VWR0548,38,Female,Standard,1,10
VWR0549,51,Non-Binary,Premium,1,10
VWR0550,37,Female,Basic,2,20
VWR0551,45,Female,Standard,2,120
VWR0552,39,Female,Premium,3,30
VWR0553,41,Female,Standard,8,70
VWR0554,41,Male,Basic,1,10
VWR0555,38,Female,Premium,2,90
VWR0556,35,Female,Standard,3,30
VWR0557,26,Non-Binary,Standard,2,90
VWR0558,32,Female,Standard,4,10
VWR0559,33,Female,Standard,7,60
VWR0560,50,Female,Standard,1,10
VWR0561,38,Male,Standard,1,10
VWR0562,64,Male,Standard,4,10
VWR0563,35,Female,Standard,7,60
VWR0564,48,Male,Standard,7,60
VWR0565,48,Female,Standard,2,120
VWR0566,49,Non-Binary,Standard,10,40
VWR0567,59,Male,Premium,4,10
VWR0568,36,Female,Standard,4,10
VWR0569,50,Male,Standard,1,10
VWR0570,37,Male,Basic,2,20
VWR0571,59,Female,Standard,1,10
VWR0572,46,Female,Standard,2,90
VWR0573,38,Male,Basic,4,10
VWR0574,47,Male,Standard,2,120
VWR0575,25,Male,Basic,2,20
VWR0576,27,Male,Standard,3,30
VWR0577,58,Male,Basic,4,10
VWR0578,57,Female,Basic,1,10
VWR0579,54,Male,Standard,2,120
VWR0580,63,Male,Basic,6,50
VWR0581,27,Male,Basic,1,10
VWR0582,23,Female,Premium,6,50
VWR0583,39,Female,Standard,2,110
VWR0584,51,Male,Standard,4,10
VWR0585,53,Female,Premium,6,50
VWR0586,34,Male,Basic,2,20
VWR0587,19,Male,Premium,5,40
VWR0588,20,Male,Basic,2,20
VWR0589,26,Female,Basic,1,10
VWR0590,60,Male,Standard,7,60
VWR0591,60,Female,Standard,2,20
VWR0592,30,Female,Basic,1,10
VWR0593,18,Male,Basic,4,10
VWR0594,50,Female,Basic,9,80
VWR0595,18,Female,Standard,2,120
VWR0596,41,Female,Basic,2,120
VWR0597,34,Male,Basic,2,120
VWR0598,59,Male,Basic,2,20
VWR0599,59,Female,Standard,4,10
VWR0600,20,Male,Basic,2,20
VWR0601,31,Male,Standard,9,80
VWR0602,62,Female,Premium,6,50
VWR0603,41,Male,Standard,7,60
VWR0604,31,Female,Basic,2,100
VWR0605,39,Male,Premium,2,90
VWR0606,47,Non-Binary,Standard,2,100
VWR0607,49,Female,Standard,1,10
VWR0608,60,Female,Basic,7,60
VWR0609,18,Female,Standard,4,10
VWR0610,35,Female,Basic,8,70
VWR0611,28,Male,Standard,2,120
VWR0612,45,Female,Standard,5,40
VWR0613,37,Female,Premium,2,20
VWR0614,47,Female,Premium,2,100
VWR0615,31,Male,Standard,7,60
VWR0616,19,Female,Premium,10,40
VWR0617,25,Male,Basic,1,10
VWR0618,55,Female,Basic,8,70
VWR0619,54,Female,Standard,1,10
VWR0620,22,Male,Standard,1,10
VWR0621,45,Female,Standard,1,10
VWR0622,54,Female,Standard,10,40
VWR0623,35,Female,Standard,10,40
VWR0624,19,Female,Premium,2,100
VWR0625,62,Male,Basic,1,10
VWR0626,54,Female,Standard,5,40
VWR0627,49,Female,Standard,10,40
VWR0628,36,Male,Standard,6,50
VWR0629,48,Female,Standard,3,30
VWR0630,64,Female,Basic,9,80
VWR0631,40,Male,Standard,6,50
VWR0632,36,Male,Standard,2,100
VWR0633,61,Female,Standard,9,80
VWR0634,34,Female,Basic,2,120
VWR0635,46,Female,Premium,2,110
VWR0636,20,Male,Premium,1,10
VWR0637,27,Female,Standard,10,40
VWR0638,28,Female,Standard,8,70
VWR0639,31,Female,Standard,10,40
VWR0640,25,Non-Binary,Standard,8,70
VWR0641,54,Male,Premium,3,30
VWR0642,28,Female,Standard,5,40
VWR0643,49,Male,Standard,7,60
VWR0644,53,Female,Standard,7,60
VWR0645,32,Female,Standard,7,60
VWR0646,24,Male,Standard,5,40
VWR0647,62,Female,Basic,1,10
VWR0648,50,Female,Standard,1,10
VWR0649,62,Non-Binary,Basic,9,80
VWR0650,52,Female,Premium,2,90
VWR0651,19,Male,Basic,1,10
VWR0652,61,Male,Basic,1,10
VWR0653,45,Non-Binary,Standard,10,40
VWR0654,56,Male,Standard,1,10
VWR0655,57,Female,Standard,2,110
VWR0656,20,Female,Premium,4,10
VWR0657,40,Male,Standard,3,30
VWR0658,42,Female,Standard,8,70
VWR0659,57,Female,Premium,2,120
VWR0660,19,Male,Premium,5,40
VWR0661,23,Female,Standard,7,60
VWR0662,64,Female,Standard,1,10
VWR0663,42,Female,Basic,1,10
VWR0664,20,Male,Standard,10,40
VWR0665,46,Male,Standard,6,50
VWR0666,26,Female,Standard,1,10
VWR0667,50,Male,Standard,1,10
VWR0668,62,Female,Premium,3,30
VWR0669,64,Male,Standard,4,10
VWR0670,49,Male,Standard,6,50
VWR0671,20,Male,Basic,8,70
VWR0672,27,Non-Binary,Basic,1,10
VWR0673,33,Male,Standard,3,30
VWR0674,29,Female,Basic,7,60
VWR0675,39,Female,Standard,1,10
VWR0676,63,Male,Standard,3,30
VWR0677,24,Male,Basic,9,80
VWR0678,56,Female,Standard,10,40
VWR0679,19,Female,Premium,2,110
VWR0680,24,Male,Basic,2,120
VWR0681,22,Male,Basic,2,110
VWR0682,40,Female,Standard,10,40
VWR0683,25,Male,Basic,2,90
VWR0684,30,Male,Premium,1,10
VWR0685,48,Male,Standard,2,100
VWR0686,44,Male,Basic,1,10
VWR0687,26,Female,Standard,2,100
VWR0688,18,Male,Standard,2,120
VWR0689,18,Male,Premium,4,10
VWR0690,48,Female,Basic,2,90
VWR0691,48,Male,Basic,3,30
VWR0692,58,Female,Premium,4,10
VWR0693,26,Female,Basic,1,10
VWR0694,48,Female,Premium,7,60
VWR0695,33,Female,Standard,4,10
VWR0696,32,Female,Standard,4,10
VWR0697,20,Female,Standard,7,60
VWR0698,60,Female,Standard,1,10
VWR0699,65,Female,Standard,2,90
VWR0700,50,Female,Standard,10,40
VWR0701,28,Male,Standard,7,60
VWR0702,22,Male,Basic,3,30
VWR0703,23,Female,Standard,1,10
VWR0704,20,Male,Standard,7,60
VWR0705,39,Male,Standard,3,30
VWR0706,48,Female,Standard,2,100
VWR0707,62,Female,Standard,9,80
VWR0708,56,Female,Standard,5,40
VWR0709,23,Female,Premium,3,30
VWR0710,57,Female,Basic,4,10
VWR0711,36,Female,Basic,2,100
VWR0712,38,Female,Standard,9,80
VWR0713,30,Female,Standard,2,100
VWR0714,56,Male,Standard,2,100
VWR0715,26,Female,Standard,7,60
VWR0716,61,Male,Standard,1,10
VWR0717,55,Female,Basic,2,110
VWR0718,36,Female,Basic,6,50
VWR0719,39,Male,Standard,7,60
VWR0720,33,Male,Standard,3,30
VWR0721,47,Female,Basic,9,80
VWR0722,34,Male,Standard,4,10
VWR0723,43,Male,Basic,4,10
VWR0724,49,Male,Premium,9,80
VWR0725,35,Female,Standard,4,10
VWR0726,58,Non-Binary,Standard,2,110
VWR0727,42,Male,Basic,3,30
VWR0728,21,Male,Basic,1,10
VWR0729,52,Male,Standard,1,10
VWR0730,61,Male,Basic,9,80
VWR0731,21,Male,Basic,5,40
VWR0732,35,Male,Basic,4,10
VWR0733,54,Female,Premium,2,120
VWR0734,27,Male,Standard,2,90
VWR0735,28,Female,Premium,7,60
VWR0736,19,Non-Binary,Basic,2,120
VWR0737,35,Female,Basic,6,50
VWR0738,32,Male,Standard,2,110
VWR0739,32,Male,Basic,9,80
VWR0740,45,Female,Standard,5,40
VWR0741,32,Male,Basic,2,90
VWR0742,46,Male,Premium,6,50
VWR0743,42,Male,Standard,8,70
VWR0744,45,Female,Standard,2,110
VWR0745,50,Female,Premium,2,110
VWR0746,41,Male,Basic,4,10
VWR0747,61,Male,Standard,8,70
VWR0748,40,Male,Basic,2,100
VWR0749,42,Female,Standard,2,90
VWR0750,54,Male,Standard,1,10
VWR0751,19,Male,Basic,3,30
VWR0752,45,Female,Premium,2,110
VWR0753,34,Male,Basic,1,10
VWR0754,34,Female,Basic,9,80
VWR0755,59,Female,Standard,8,70
VWR0756,20,Non-Binary,Standard,1,10
VWR0757,23,Female,Basic,7,60
VWR0758,53,Male,Basic,4,10
VWR0759,46,Male,Basic,9,80
VWR0760,32,Male,Basic,2,90
VWR0761,23,Female,Standard,1,10
VWR0762,65,Male,Standard,7,60
VWR0763,28,Male,Premium,10,40
VWR0764,63,Male,Standard,1,10
VWR0765,52,Male,Standard,2,90
VWR0766,64,Male,Standard,7,60
VWR0767,18,Male,Basic,1,10
VWR0768,50,Female,Basic,2,20
VWR0769,21,Male,Premium,1,10
VWR0770,41,Female,Basic,2,120
VWR0771,63,Male,Basic,2,90
VWR0772,20,Male,Standard,5,40
VWR0773,47,Female,Standard,1,10
VWR0774,53,Female,Standard,7,60
VWR0775,59,Non-Binary,Standard,3,30
VWR0776,63,Female,Standard,4,10
VWR0777,28,Female,Standard,2,110
VWR0778,31,Male,Premium,7,60
VWR0779,25,Female,Standard,8,70
VWR0780,19,Male,Basic,2,100
VWR0781,45,Female,Standard,1,10
VWR0782,65,Male,Standard,2,120
VWR0783,19,Female,Premium,2,90
VWR0784,47,Female,Standard,2,110
VWR0785,44,Non-Binary,Basic,2,90
VWR0786,58,Female,Basic,1,10
VWR0787,47,Female,Premium,1,10
VWR0788,22,Female,Standard,9,80
VWR0789,48,Male,Premium,3,30
VWR0790,22,Male,Basic,8,70
VWR0791,28,Male,Basic,9,80
VWR0792,53,Male,Basic,6,50
VWR0793,41,Male,Standard,2,120
VWR0794,47,Male,Basic,7,60
VWR0795,55,Male,Standard,2,120
VWR0796,50,Male,Standard,3,30
VWR0797,54,Female,Premium,6,50
VWR0798,42,Male,Standard,1,10
VWR0799,58,Male,Basic,6,50
VWR0800,23,Female,Basic,9,80
VWR0801,37,Male,Basic,2,20
VWR0802,44,Female,Premium,2,90
VWR0803,34,Non-Binary,Basic,2,120
VWR0804,28,Female,Basic,10,40
VWR0805,22,Male,Premium,3,30
VWR0806,61,Female,Basic,1,10
VWR0807,39,Female,Premium,3,30
VWR0808,34,Female,Standard,8,70
VWR0809,65,Male,Standard,9,80
VWR0810,60,Female,Standard,3,30
VWR0811,35,Female,Standard,3,30
VWR0812,45,Female,Basic,2,20
VWR0813,49,Non-Binary,Premium,3,30
VWR0814,55,Male,Premium,1,10
VWR0815,27,Female,Premium,1,10
VWR0816,47,Female,Premium,2,90
VWR0817,50,Male,Standard,6,50
VWR0818,37,Male,Basic,2,100
VWR0819,60,Male,Basic,3,30
VWR0820,45,Male,Standard,9,80
VWR0821,39,Female,Basic,2,20
VWR0822,43,Female,Standard,2,110
VWR0823,36,Male,Premium,8,70
VWR0824,38,Female,Premium,2,120
VWR0825,23,Female,Basic,1,10
VWR0826,49,Female,Premium,4,10
VWR0827,62,Female,Premium,7,60
VWR0828,29,Male,Basic,1,10
VWR0829,61,Female,Premium,8,70
VWR0830,23,Male,Premium,2,120
VWR0831,55,Male,Basic,2,20
VWR0832,30,Female,Premium,1,10
VWR0833,49,Male,Standard,8,70
VWR0834,51,Male,Standard,4,10
VWR0835,47,Female,Basic,1,10
VWR0836,62,Female,Standard,5,40
VWR0837,20,Male,Basic,2,100
VWR0838,48,Female,Standard,1,10
VWR0839,36,Female,Premium,3,30
VWR0840,37,Female,Basic,2,90
VWR0841,63,Male,Basic,3,30
VWR0842,25,Male,Premium,4,10
VWR0843,64,Male,Standard,1,10
VWR0844,55,Male,Standard,5,40
VWR0845,64,Female,Premium,2,120
VWR0846,59,Male,Basic,2,110
VWR0847,22,Male,Premium,1,10
VWR0848,42,Male,Standard,7,60
VWR0849,43,Female,Premium,5,40
VWR0850,65,Non-Binary,Standard,2,100
VWR0851,62,Male,Premium,2,120
VWR0852,34,Male,Standard,1,10
VWR0853,27,Male,Basic,10,40
VWR0854,49,Non-Binary,Premium,3,30
VWR0855,44,Male,Basic,6,50
VWR0856,57,Male,Basic,2,100
VWR0857,50,Male,Basic,3,30
VWR0858,65,Female,Basic,5,40
VWR0859,55,Female,Standard,2,120
VWR0860,47,Non-Binary,Standard,2,20
VWR0861,20,Male,Basic,2,110
VWR0862,22,Female,Premium,4,10
VWR0863,56,Female,Premium,9,80
VWR0864,32,Male,Basic,8,70
VWR0865,20,Female,Standard,5,40
VWR0866,43,Male,Standard,4,10
VWR0867,46,Male,Basic,1,10
VWR0868,22,Female,Basic,1,10
VWR0869,52,Female,Basic,7,60
VWR0870,64,Female,Standard,8,70
VWR0871,60,Male,Premium,2,120
VWR0872,36,Female,Premium,2,120
VWR0873,42,Female,Basic,9,80
VWR0874,30,Male,Standard,4,10
VWR0875,48,Male,Basic,2,90
VWR0876,34,Male,Basic,6,50
VWR0877,45,Male,Basic,2,90
VWR0878,36,Male,Standard,1,10
VWR0879,22,Male,Basic,4,10
VWR0880,18,Non-Binary,Basic,1,10
VWR0881,35,Non-Binary,Basic,7,60
VWR0882,25,Female,Premium,3,30
VWR0883,50,Male,Standard,4,10
VWR0884,40,Female,Standard,2,20
VWR0885,52,Non-Binary,Standard,2,90
VWR0886,57,Female,Standard,9,80
VWR0887,22,Male,Basic,1,10
VWR0888,62,Female,Standard,3,30
VWR0889,58,Male,Basic,9,80
VWR0890,24,Female,Standard,2,110
VWR0891,30,Female,Standard,2,90
VWR0892,62,Male,Premium,4,10
VWR0893,53,Female,Standard,2,110
VWR0894,30,Female,Basic,5,40
VWR0895,54,Male,Premium,1,10
VWR0896,59,Male,Standard,9,80
VWR0897,38,Female,Basic,1,10
VWR0898,56,Female,Standard,8,70
VWR0899,48,Female,Premium,4,10
VWR0900,39,Male,Premium,6,50
VWR0901,58,Male,Basic,7,60
VWR0902,36,Male,Basic,8,70
VWR0903,60,Non-Binary,Basic,9,80
VWR0904,27,Male,Premium,2,110
VWR0905,51,Male,Standard,10,40
VWR0906,44,Male,Premium,6,50
VWR0907,26,Female,Standard,2,20
VWR0908,41,Male,Premium,8,70
VWR0909,38,Female,Basic,7,60
VWR0910,32,Male,Basic,2,20
VWR0911,52,Female,Basic,7,60
VWR0912,54,Female,Standard,6,50
VWR0913,60,Male,Premium,9,80
VWR0914,20,Male,Premium,7,60
VWR0915,39,Male,Basic,1,10
VWR0916,55,Male,Premium,1,10
VWR0917,41,Male,Basic,1,10
VWR0918,53,Female,Basic,1,10
VWR0919,59,Female,Standard,2,90
VWR0920,19,Female,Standard,1,10
VWR0921,65,Non-Binary,Premium,1,10
VWR0922,44,Male,Standard,3,30
VWR0923,49,Female,Basic,2,90
VWR0924,30,Female,Basic,2,110
VWR0925,55,Male,Standard,1,10
VWR0926,25,Female,Basic,2,120
VWR0927,18,Non-Binary,Standard,4,10
VWR0928,34,Female,Standard,1,10
VWR0929,55,Male,Standard,7,60
VWR0930,20,Male,Basic,1,10
VWR0931,22,Female,Basic,1,10
VWR0932,54,Male,Basic,2,20
VWR0933,62,Male,Basic,1,10
VWR0934,27,Female,Standard,2,90
VWR0935,38,Non-Binary,Standard,8,70
VWR0936,35,Male,Basic,3,30
VWR0937,31,Male,Basic,5,40
VWR0938,60,Male,Standard,5,40
VWR0939,34,Male,Standard,2,20
VWR0940,21,Female,Standard,1,10
VWR0941,36,Male,Basic,2,20
VWR0942,48,Female,Standard,2,20
VWR0943,40,Male,Basic,4,10
VWR0944,48,Non-Binary,Basic,2,100
VWR0945,46,Female,Basic,3,30
VWR0946,42,Male,Premium,2,110
VWR0947,27,Male,Standard,3,30
VWR0948,62,Male,Premium,3,30
VWR0949,37,Female,Basic,3,30
VWR0950,24,Male,Basic,4,10
VWR0951,60,Female,Premium,7,60
VWR0952,51,Female,Standard,4,10
VWR0953,18,Male,Basic,10,40
VWR0954,53,Male,Basic,7,60
VWR0955,29,Male,Basic,3,30
VWR0956,34,Female,Basic,7,60
VWR0957,43,Female,Premium,1,10
VWR0958,40,Male,Standard,4,10
VWR0959,33,Male,Premium,1,10
VWR0960,52,Male,Basic,2,90
VWR0961,19,Female,Basic,10,40
VWR0962,32,Male,Basic,9,80
VWR0963,52,Non-Binary,Basic,3,30
VWR0964,53,Male,Basic,5,40
VWR0965,31,Male,Basic,6,50
VWR0966,55,Male,Premium,1,10
VWR0967,46,Female,Basic,5,40
VWR0968,57,Male,Premium,9,80
VWR0969,52,Female,Premium,7,60
VWR0970,62,Male,Basic,2,110
VWR0971,64,Male,Premium,7,60
VWR0972,31,Female,Premium,7,60
VWR0973,50,Female,Premium,1,10
VWR0974,62,Male,Standard,2,110
VWR0975,62,Male,Standard,3,30
VWR0976,54,Male,Basic,10,40
VWR0977,28,Male,Basic,1,10
VWR0978,31,Male,Basic,1,10
VWR0979,46,Male,Basic,1,10
VWR0980,64,Male,Standard,1,10
VWR0981,37,Female,Standard,9,80
VWR0982,28,Female,Basic,5,40
VWR0983,29,Female,Premium,2,120
VWR0984,28,Male,Basic,1,10
VWR0985,32,Female,Basic,1,10
VWR0986,63,Female,Standard,6,50
VWR0987,55,Female,Premium,10,40
VWR0988,46,Male,Premium,10,40
VWR0989,54,Male,Standard,4,10
VWR0990,46,Male,Basic,1,10
VWR0991,30,Male,Standard,2,20
VWR0992,23,Female,Basic,4,10
VWR0993,21,Male,Standard,6,50
VWR0994,25,Female,Standard,10,40
VWR0995,63,Female,Basic,5,40
VWR0996,52,Female,Standard,3,30
VWR0997,50,Female,Standard,2,20
VWR0998,52,Female,Basic,1,10
VWR0999,34,Male,Standard,4,10
VWR1000,20,Male,Premium,8,70
VWR1001,62,Female,Standard,2,90
VWR1002,22,Male,Standard,4,10
VWR1003,38,Male,Standard,1,10
VWR1004,39,Male,Standard,10,40
VWR1005,60,Female,Premium,7,60
VWR1006,23,Male,Standard,6,50
VWR1007,55,Male,Standard,7,60
VWR1008,24,Male,Premium,3,30
VWR1009,21,Female,Standard,5,40
VWR1010,64,Male,Standard,4,10
VWR1011,50,Female,Standard,2,20
VWR1012,52,Female,Standard,2,20
VWR1013,48,Male,Standard,4,10
VWR1014,27,Male,Standard,7,60
VWR1015,20,Male,Standard,3,30
VWR1016,47,Male,Standard,3,30
VWR1017,34,Female,Standard,1,10
VWR1018,23,Male,Standard,5,40
VWR1019,43,Male,Basic,4,10
VWR1020,50,Male,Basic,2,100
VWR1021,41,Male,Basic,5,40
VWR1022,64,Male,Standard,4,10
VWR1023,21,Male,Basic,4,10
VWR1024,57,Female,Standard,4,10
VWR1025,19,Female,Standard,7,60
VWR1026,51,Male,Basic,10,40
VWR1027,25,Female,Basic,2,20
VWR1028,53,Female,Standard,3,30
VWR1029,59,Male,Premium,2,100
VWR1030,33,Female,Standard,3,30
VWR1031,51,Female,Standard,7,60
VWR1032,27,Female,Standard,2,20
VWR1033,51,Female,Standard,2,90
VWR1034,44,Male,Basic,6,50
VWR1035,63,Male,Standard,9,80
VWR1036,45,Male,Basic,8,70
VWR1037,23,Male,Basic,7,60
VWR1038,28,Male,Standard,2,110
VWR1039,20,Male,Standard,7,60
VWR1040,41,Male,Standard,6,50
VWR1041,60,Male,Standard,2,20
VWR1042,36,Female,Premium,2,100
VWR1043,19,Female,Standard,4,10
VWR1044,62,Female,Basic,2,120
VWR1045,39,Female,Basic,10,40
VWR1046,62,Male,Standard,4,10
VWR1047,61,Female,Premium,1,10
VWR1048,31,Male,Standard,2,90
VWR1049,34,Female,Premium,2,120
VWR1050,64,Male,Basic,1,10
VWR1051,24,Female,Standard,1,10
VWR1052,25,Female,Standard,3,30
VWR1053,55,Male,Standard,1,10
VWR1054,26,Male,Basic,3,30
VWR1055,20,Female,Premium,2,110
VWR1056,57,Female,Standard,9,80
VWR1057,42,Male,Premium,10,40
VWR1058,53,Female,Standard,8,70
VWR1059,29,Male,Basic,1,10
VWR1060,55,Male,Standard,7,60
VWR1061,26,Female,Standard,1,10
VWR1062,62,Male,Standard,1,10
VWR1063,34,Female,Premium,6,50
VWR1064,64,Female,Premium,4,10
VWR1065,61,Male,Standard,9,80
VWR1066,26,Female,Basic,7,60
VWR1067,25,Female,Standard,4,10
VWR1068,24,Female,Basic,4,10
VWR1069,39,Female,Standard,2,110
VWR1070,44,Male,Premium,7,60
VWR1071,31,Female,Standard,1,10
VWR1072,46,Male,Basic,1,10
VWR1073,34,Female,Standard,1,10
VWR1074,36,Male,Standard,8,70
VWR1075,20,Female,Standard,10,40
VWR1076,39,Male,Premium,7,60
VWR1077,51,Female,Basic,2,20
VWR1078,19,Female,Premium,1,10
VWR1079,21,Female,Basic,9,80
VWR1080,23,Female,Standard,2,120
VWR1081,22,Male,Standard,2,110
VWR1082,29,Female,Basic,1,10
VWR1083,45,Female,Basic,2,20
VWR1084,49,Female,Standard,4,10
VWR1085,59,Female,Standard,7,60
VWR1086,34,Male,Premium,10,40
VWR1087,37,Female,Basic,1,10
VWR1088,46,Female,Basic,3,30
VWR1089,65,Female,Basic,2,120
VWR1090,32,Female,Standard,1,10
VWR1091,24,Female,Standard,1,10
VWR1092,56,Female,Standard,6,50
VWR1093,55,Female,Premium,10,40
VWR1094,19,Female,Standard,2,90
VWR1095,43,Female,Standard,2,90
VWR1096,58,Male,Standard,4,10
VWR1097,60,Male,Standard,7,60
VWR1098,56,Female,Standard,4,10
VWR1099,47,Male,Standard,7,60
VWR1100,41,Female,Standard,1,10
VWR1101,27,Male,Basic,4,10
VWR1102,50,Female,Standard,1,10
VWR1103,30,Non-Binary,Premium,7,60
VWR1104,32,Male,Basic,1,10
VWR1105,43,Female,Premium,10,40
VWR1106,57,Female,Premium,1,10
VWR1107,43,Female,Standard,3,30
VWR1108,59,Male,Standard,2,20
VWR1109,51,Female,Basic,2,90
VWR1110,41,Female,Premium,5,40
VWR1111,60,Female,Standard,3,30
VWR1112,36,Female,Premium,8,70
VWR1113,60,Male,Basic,10,40
VWR1114,57,Male,Basic,6,50
VWR1115,27,Male,Standard,7,60
VWR1116,27,Male,Basic,4,10
VWR1117,42,Female,Basic,7,60
VWR1118,31,Male,Standard,5,40
VWR1119,30,Female,Basic,2,90
VWR1120,34,Female,Standard,2,20
VWR1121,33,Female,Standard,2,90
VWR1122,35,Female,Basic,8,70
VWR1123,28,Female,Basic,1,10
VWR1124,50,Male,Standard,1,10
VWR1125,22,Non-Binary,Basic,9,80
VWR1126,42,Female,Basic,10,40
VWR1127,57,Male,Premium,5,40
VWR1128,21,Non-Binary,Standard,8,70
VWR1129,59,Male,Basic,1,10
VWR1130,65,Male,Standard,4,10
VWR1131,58,Female,Premium,7,60
VWR1132,59,Male,Basic,10,40
VWR1133,32,Female,Basic,6,50
VWR1134,46,Male,Basic,9,80
VWR1135,63,Non-Binary,Premium,1,10
VWR1136,44,Female,Standard,6,50
VWR1137,23,Female,Standard,2,120
VWR1138,48,Female,Premium,4,10
VWR1139,54,Female,Standard,10,40
VWR1140,34,Male,Premium,7,60
VWR1141,34,Male,Basic,5,40
VWR1142,23,Female,Premium,2,90
VWR1143,30,Male,Premium,2,90
VWR1144,52,Female,Standard,1,10
VWR1145,61,Male,Standard,2,90
VWR1146,25,Male,Standard,1,10
VWR1147,60,Male,Standard,8,70
VWR1148,40,Male,Basic,4,10
VWR1149,36,Male,Standard,2,120
VWR1150,28,Female,Basic,6,50
VWR1151,43,Male,Basic,1,10
VWR1152,45,Male,Premium,7,60
VWR1153,61,Male,Basic,2,90
VWR1154,24,Female,Premium,3,30
VWR1155,49,Female,Basic,6,50
VWR1156,18,Female,Standard,1,10
VWR1157,55,Female,Basic,9,80
VWR1158,34,Female,Premium,4,10
VWR1159,52,Male,Premium,1,10
VWR1160,61,Female,Basic,7,60
VWR1161,52,Male,Basic,2,90
VWR1162,52,Female,Basic,3,30
VWR1163,32,Female,Standard,1,10
VWR1164,49,Female,Standard,6,50
VWR1165,45,Male,Premium,6,50
VWR1166,48,Female,Standard,1,10
VWR1167,33,Female,Standard,9,80
VWR1168,18,Male,Basic,7,60
VWR1169,23,Female,Basic,4,10
VWR1170,38,Female,Basic,2,100
VWR1171,18,Female,Standard,2,100
VWR1172,61,Male,Standard,2,20
VWR1173,51,Female,Premium,6,50
VWR1174,54,Male,Standard,1,10
VWR1175,56,Non-Binary,Standard,10,40
VWR1176,61,Male,Standard,4,10
VWR1177,36,Female,Premium,4,10
VWR1178,26,Female,Basic,10,40
VWR1179,56,Female,Basic,2,20
VWR1180,45,Non-Binary,Standard,8,70
VWR1181,50,Non-Binary,Standard,6,50
VWR1182,39,Female,Standard,2,120
VWR1183,22,Female,Basic,4,10
VWR1184,52,Female,Premium,3,30
VWR1185,20,Female,Standard,7,60
VWR1186,33,Female,Standard,2,90
VWR1187,52,Female,Standard,2,90
VWR1188,57,Male,Standard,1,10
VWR1189,57,Male,Standard,1,10
VWR1190,49,Female,Standard,10,40
VWR1191,57,Female,Standard,4,10
VWR1192,27,Female,Basic,3,30
VWR1193,30,Female,Standard,3,30
VWR1194,52,Male,Standard,7,60
VWR1195,61,Female,Basic,2,90
VWR1196,35,Female,Standard,1,10
VWR1197,42,Male,Standard,8,70
VWR1198,54,Male,Standard,5,40
VWR1199,52,Male,Standard,1,10
VWR1200,35,Male,Premium,8,70
VWR1201,43,Male,Standard,2,120
VWR1202,36,Male,Basic,7,60
VWR1203,61,Female,Standard,10,40
VWR1204,32,Female,Basic,2,110
VWR1205,54,Female,Basic,10,40
VWR1206,23,Female,Premium,1,10
VWR1207,39,Female,Premium,1,10
VWR1208,39,Male,Premium,1,10
VWR1209,55,Male,Standard,1,10
VWR1210,61,Male,Basic,2,120
VWR1211,50,Male,Standard,10,40
VWR1212,59,Female,Basic,2,20
VWR1213,38,Male,Basic,2,120
VWR1214,61,Male,Basic,3,30
VWR1215,37,Female,Basic,1,10
VWR1216,50,Female,Basic,5,40
VWR1217,48,Female,Basic,8,70
VWR1218,63,Male,Basic,1,10
VWR1219,23,Female,Basic,7,60
VWR1220,36,Male,Basic,2,100
VWR1221,31,Female,Standard,2,20
VWR1222,44,Female,Premium,9,80
VWR1223,33,Female,Standard,3,30
VWR1224,57,Male,Premium,2,20
VWR1225,59,Female,Basic,6,50
VWR1226,23,Male,Standard,7,60
VWR1227,57,Female,Premium,3,30
VWR1228,51,Female,Basic,6,50
VWR1229,26,Female,Basic,6,50
VWR1230,50,Female,Premium,2,90
VWR1231,26,Female,Standard,2,90
VWR1232,45,Male,Premium,9,80
VWR1233,55,Female,Standard,8,70
VWR1234,35,Male,Basic,2,110
VWR1235,39,Female,Premium,3,30
VWR1236,35,Female,Basic,9,80
VWR1237,41,Female,Basic,4,10
VWR1238,57,Male,Standard,6,50
VWR1239,25,Non-Binary,Premium,2,120
VWR1240,19,Male,Premium,2,100
VWR1241,20,Male,Basic,9,80
VWR1242,55,Female,Basic,5,40
VWR1243,26,Female,Premium,10,40
VWR1244,25,Female,Premium,10,40
VWR1245,18,Male,Standard,1,10
VWR1246,58,Female,Standard,3,30
VWR1247,24,Male,Basic,1,10
VWR1248,57,Male,Standard,3,30
VWR1249,49,Male,Premium,10,40
VWR1250,32,Male,Premium,6,50
VWR1251,64,Non-Binary,Standard,7,60
VWR1252,18,Male,Premium,1,10
VWR1253,63,Male,Standard,10,40
VWR1254,51,Male,Premium,2,20
VWR1255,24,Female,Basic,6,50
VWR1256,30,Female,Premium,1,10
VWR1257,58,Male,Basic,5,40
VWR1258,23,Female,Standard,2,20
VWR1259,31,Female,Standard,3,30
VWR1260,28,Female,Standard,1,10
VWR1261,60,Male,Standard,6,50
VWR1262,48,Male,Basic,9,80
VWR1263,53,Female,Standard,10,40
VWR1264,20,Male,Standard,2,120
VWR1265,60,Female,Standard,3,30
VWR1266,33,Female,Standard,5,40
VWR1267,29,Female,Premium,4,10
VWR1268,29,Male,Standard,5,40
VWR1269,63,Female,Premium,1,10
VWR1270,29,Non-Binary,Premium,5,40
VWR1271,27,Female,Standard,2,90
VWR1272,65,Male,Basic,4,10
VWR1273,45,Female,Standard,1,10
VWR1274,58,Male,Standard,4,10
VWR1275,28,Male,Standard,1,10
VWR1276,54,Female,Standard,10,40
VWR1277,35,Male,Standard,2,100
VWR1278,65,Female,Standard,5,40
VWR1279,43,Male,Premium,1,10
VWR1280,34,Female,Standard,4,10
VWR1281,49,Female,Standard,10,40
VWR1282,46,Female,Premium,1,10
VWR1283,18,Male,Basic,4,10
VWR1284,21,Male,Standard,1,10
VWR1285,51,Female,Standard,4,10
VWR1286,26,Female,Standard,2,100
VWR1287,33,Male,Basic,9,80
VWR1288,24,Male,Standard,5,40
VWR1289,64,Female,Standard,6,50
VWR1290,20,Male,Standard,1,10
VWR1291,61,Female,Standard,4,10
VWR1292,54,Male,Standard,3,30
VWR1293,64,Female,Standard,6,50
VWR1294,29,Male,Standard,3,30
VWR1295,20,Male,Basic,9,80
VWR1296,59,Male,Standard,2,110
VWR1297,38,Male,Basic,7,60
VWR1298,28,Non-Binary,Premium,8,70
VWR1299,23,Male,Basic,4,10
VWR1300,64,Non-Binary,Standard,4,10
VWR1301,23,Male,Standard,5,40
VWR1302,65,Female,Basic,5,40
VWR1303,18,Female,Premium,8,70
VWR1304,61,Female,Basic,1,10
VWR1305,27,Male,Standard,10,40
VWR1306,25,Male,Basic,6,50
VWR1307,62,Non-Binary,Standard,5,40
VWR1308,26,Male,Standard,7,60
VWR1309,23,Male,Standard,6,50
VWR1310,29,Male,Standard,1,10
VWR1311,26,Female,Standard,1,10
VWR1312,46,Female,Basic,9,80
VWR1313,64,Male,Basic,4,10
VWR1314,42,Male,Standard,1,10
VWR1315,47,Female,Standard,5,40
VWR1316,24,Male,Standard,2,120
VWR1317,23,Male,Standard,1,10
VWR1318,58,Female,Premium,5,40
VWR1319,54,Female,Premium,8,70
VWR1320,36,Male,Basic,1,10
VWR1321,30,Female,Standard,8,70
VWR1322,64,Male,Standard,10,40
VWR1323,65,Female,Premium,7,60
VWR1324,56,Male,Standard,2,120
VWR1325,19,Female,Basic,4,10
VWR1326,27,Male,Standard,3,30
VWR1327,52,Male,Basic,2,100
VWR1328,31,Female,Basic,9,80
VWR1329,65,Female,Basic,1,10
VWR1330,21,Male,Standard,10,40
VWR1331,32,Female,Basic,1,10
VWR1332,57,Male,Standard,1,10
VWR1333,45,Male,Standard,10,40
VWR1334,26,Female,Standard,2,90
VWR1335,24,Male,Basic,10,40
VWR1336,61,Female,Basic,8,70
VWR1337,36,Male,Basic,6,50
VWR1338,41,Female,Standard,1,10
VWR1339,58,Male,Standard,3,30
VWR1340,57,Male,Standard,7,60
VWR1341,40,Male,Standard,5,40
VWR1342,33,Male,Premium,1,10
VWR1343,34,Male,Basic,1,10
VWR1344,21,Female,Standard,1,10
VWR1345,20,Male,Premium,3,30
VWR1346,44,Female,Basic,6,50
VWR1347,49,Male,Standard,2,20
VWR1348,51,Male,Standard,4,10
VWR1349,27,Female,Premium,2,20
VWR1350,39,Female,Standard,1,10
VWR1351,20,Male,Basic,1,10
VWR1352,63,Male,Basic,1,10
VWR1353,36,Male,Standard,1,10
VWR1354,30,Female,Basic,2,100
VWR1355,19,Male,Standard,6,50
VWR1356,61,Male,Standard,2,120
VWR1357,49,Male,Basic,2,100
VWR1358,30,Non-Binary,Premium,1,10
VWR1359,56,Male,Premium,7,60
VWR1360,46,Female,Premium,9,80
VWR1361,45,Female,Basic,9,80
VWR1362,51,Male,Basic,4,10
VWR1363,19,Male,Premium,8,70
VWR1364,24,Male,Basic,2,110
VWR1365,22,Female,Basic,4,10
VWR1366,60,Male,Premium,4,10
VWR1367,65,Female,Standard,1,10
VWR1368,53,Male,Standard,4,10
VWR1369,63,Female,Basic,7,60
VWR1370,33,Female,Standard,1,10
VWR1371,20,Male,Standard,2,90
VWR1372,55,Male,Premium,1,10
VWR1373,43,Female,Standard,8,70
VWR1374,32,Female,Basic,3,30
VWR1375,61,Male,Standard,4,10
VWR1376,65,Male,Standard,4,10
VWR1377,27,Male,Basic,2,20
VWR1378,48,Female,Basic,1,10
VWR1379,38,Male,Basic,8,70
VWR1380,50,Female,Standard,5,40
VWR1381,25,Non-Binary,Standard,4,10
VWR1382,63,Female,Basic,1,10
VWR1383,60,Male,Basic,9,80
VWR1384,47,Female,Standard,1,10
VWR1385,23,Male,Premium,1,10
VWR1386,60,Male,Premium,5,40
VWR1387,24,Female,Premium,4,10
VWR1388,23,Male,Standard,4,10
VWR1389,54,Female,Standard,7,60
VWR1390,55,Male,Basic,10,40
VWR1391,46,Non-Binary,Standard,1,10
VWR1392,58,Female,Basic,4,10
VWR1393,19,Female,Premium,5,40
VWR1394,43,Female,Basic,10,40
VWR1395,25,Male,Premium,1,10
VWR1396,65,Female,Standard,2,120
VWR1397,41,Male,Basic,2,120
VWR1398,19,Male,Basic,1,10
VWR1399,48,Female,Premium,3,30
VWR1400,30,Male,Basic,1,10
VWR1401,23,Female,Standard,4,10
VWR1402,50,Female,Standard,9,80
VWR1403,28,Female,Standard,4,10
VWR1404,27,Male,Standard,9,80
VWR1405,60,Female,Standard,4,10
VWR1406,35,Male,Standard,5,40
VWR1407,34,Female,Basic,6,50
VWR1408,25,Male,Basic,4,10
VWR1409,59,Male,Standard,9,80
VWR1410,62,Female,Basic,5,40
VWR1411,40,Male,Premium,6,50
VWR1412,60,Female,Standard,4,10
VWR1413,56,Female,Standard,2,20
VWR1414,42,Male,Basic,2,120
VWR1415,45,Male,Standard,2,120
VWR1416,46,Male,Standard,2,20
VWR1417,27,Male,Premium,1,10
VWR1418,33,Female,Standard,4,10
VWR1419,26,Male,Premium,4,10
VWR1420,32,Male,Standard,10,40
VWR1421,32,Female,Premium,6,50
VWR1422,34,Male,Basic,1,10
VWR1423,51,Male,Standard,10,40
VWR1424,22,Male,Basic,2,120
VWR1425,25,Female,Standard,10,40
VWR1426,40,Female,Premium,6,50
VWR1427,28,Non-Binary,Premium,5,40
VWR1428,24,Male,Standard,6,50
VWR1429,39,Male,Basic,2,20
VWR1430,38,Female,Basic,9,80
VWR1431,28,Male,Premium,2,20
VWR1432,49,Male,Basic,7,60
VWR1433,38,Female,Premium,1,10
VWR1434,35,Male,Standard,6,50
VWR1435,48,Female,Standard,2,20
VWR1436,65,Male,Standard,9,80
VWR1437,56,Female,Standard,6,50
VWR1438,52,Female,Premium,5,40
VWR1439,43,Male,Standard,1,10
VWR1440,23,Male,Standard,1,10
VWR1441,24,Female,Premium,8,70
VWR1442,43,Female,Premium,4,10
VWR1443,57,Female,Standard,4,10
VWR1444,62,Non-Binary,Standard,9,80
VWR1445,46,Male,Standard,4,10
VWR1446,62,Female,Basic,4,10
VWR1447,38,Female,Basic,2,100
VWR1448,26,Female,Standard,1,10
VWR1449,61,Female,Premium,1,10
VWR1450,62,Male,Basic,2,110
VWR1451,45,Female,Basic,3,30
VWR1452,52,Female,Standard,8,70
VWR1453,38,Male,Premium,2,110
VWR1454,24,Female,Basic,5,40
VWR1455,42,Female,Basic,2,20
VWR1456,59,Female,Premium,4,10
VWR1457,34,Male,Basic,2,120
VWR1458,61,Female,Standard,2,110
VWR1459,53,Female,Standard,6,50
VWR1460,45,Male,Basic,2,100
VWR1461,37,Male,Premium,7,60
VWR1462,46,Male,Premium,3,30
VWR1463,37,Female,Premium,4,10
VWR1464,50,Female,Basic,1,10
VWR1465,41,Male,Standard,1,10
VWR1466,58,Male,Standard,2,90
VWR1467,21,Male,Standard,6,50
VWR1468,40,Male,Basic,4,10
VWR1469,61,Male,Premium,6,50
VWR1470,27,Male,Premium,1,10
VWR1471,45,Non-Binary,Standard,7,60
VWR1472,37,Male,Standard,5,40
VWR1473,42,Male,Basic,4,10
VWR1474,23,Male,Premium,2,20
VWR1475,34,Female,Standard,3,30
VWR1476,18,Female,Premium,2,20
VWR1477,48,Female,Premium,1,10
VWR1478,49,Non-Binary,Basic,3,30
VWR1479,29,Female,Premium,9,80
VWR1480,35,Male,Premium,2,20
VWR1481,28,Female,Standard,2,100
VWR1482,25,Female,Basic,1,10
VWR1483,32,Female,Premium,3,30
VWR1484,40,Female,Standard,2,110
VWR1485,52,Male,Standard,8,70
VWR1486,58,Male,Premium,10,40
VWR1487,29,Male,Basic,10,40
VWR1488,32,Female,Premium,4,10
VWR1489,21,Male,Premium,2,100
VWR1490,36,Female,Basic,2,100
VWR1491,30,Female,Basic,1,10
VWR1492,30,Male,Standard,1,10
VWR1493,57,Female,Standard,2,120
VWR1494,57,Female,Premium,3,30
VWR1495,43,Female,Basic,3,30
VWR1496,49,Male,Basic,2,90
VWR1497,52,Male,Basic,8,70
VWR1498,48,Male,Basic,1,10
VWR1499,22,Female,Standard,4,10
VWR1500,34,Male,Standard,2,20
VWR1501,56,Non-Binary,Premium,1,10
VWR1502,50,Female,Basic,2,120
VWR1503,39,Female,Premium,9,80
VWR1504,62,Female,Standard,1,10
VWR1505,63,Female,Standard,3,30
VWR1506,50,Female,Premium,3,30
VWR1507,35,Male,Premium,2,90
VWR1508,34,Male,Basic,10,40
VWR1509,52,Female,Standard,4,10
VWR1510,57,Male,Standard,3,30
VWR1511,18,Female,Standard,4,10
VWR1512,64,Female,Basic,9,80
VWR1513,27,Female,Premium,4,10
VWR1514,34,Female,Standard,3,30
VWR1515,54,Female,Premium,7,60
VWR1516,27,Female,Standard,3,30
VWR1517,37,Non-Binary,Basic,4,10
VWR1518,26,Female,Basic,4,10
VWR1519,61,Male,Standard,8,70
VWR1520,23,Female,Premium,1,10
VWR1521,42,Female,Basic,4,10
VWR1522,31,Female,Standard,1,10
VWR1523,28,Female,Basic,4,10
VWR1524,27,Non-Binary,Premium,7,60
VWR1525,49,Male,Premium,5,40
VWR1526,54,Male,Basic,1,10
VWR1527,21,Female,Standard,8,70
VWR1528,25,Male,Basic,2,90
VWR1529,29,Female,Basic,1,10
VWR1530,42,Male,Standard,6,50
VWR1531,19,Female,Standard,1,10
VWR1532,53,Female,Standard,5,40
VWR1533,25,Male,Basic,6,50
VWR1534,42,Female,Basic,2,100
VWR1535,33,Female,Basic,9,80
VWR1536,59,Non-Binary,Standard,2,90
VWR1537,48,Male,Standard,7,60
VWR1538,53,Female,Basic,7,60
VWR1539,38,Female,Standard,2,120
VWR1540,30,Female,Premium,1,10
VWR1541,43,Female,Basic,3,30
VWR1542,35,Non-Binary,Premium,7,60
VWR1543,46,Female,Basic,4,10
VWR1544,20,Male,Premium,9,80
VWR1545,45,Male,Basic,5,40
VWR1546,43,Female,Basic,9,80
VWR1547,23,Female,Premium,1,10
VWR1548,36,Male,Standard,10,40
VWR1549,57,Female,Premium,2,110
VWR1550,48,Male,Standard,2,120
VWR1551,30,Male,Standard,2,120
VWR1552,42,Female,Standard,2,90
VWR1553,28,Male,Standard,4,10
VWR1554,32,Female,Standard,1,10
VWR1555,58,Female,Standard,3,30
VWR1556,60,Female,Standard,10,40
VWR1557,19,Male,Standard,1,10
VWR1558,47,Female,Standard,1,10
VWR1559,19,Female,Basic,9,80
VWR1560,23,Male,Premium,1,10
VWR1561,40,Male,Premium,7,60
VWR1562,53,Female,Basic,3,30
VWR1563,23,Female,Basic,1,10
VWR1564,54,Male,Basic,10,40
VWR1565,47,Male,Standard,1,10
VWR1566,25,Male,Standard,10,40
VWR1567,60,Female,Standard,6,50
VWR1568,22,Male,Standard,2,90
VWR1569,53,Male,Basic,8,70
VWR1570,43,Female,Standard,6,50
VWR1571,27,Female,Standard,1,10
VWR1572,22,Male,Premium,3,30
VWR1573,34,Female,Standard,9,80
VWR1574,24,Female,Basic,9,80
VWR1575,20,Male,Standard,2,110
VWR1576,54,Male,Premium,1,10
VWR1577,63,Female,Premium,2,20
VWR1578,58,Male,Premium,1,10
VWR1579,44,Male,Basic,9,80
VWR1580,26,Male,Premium,1,10
VWR1581,50,Male,Standard,10,40
VWR1582,18,Male,Standard,2,100
VWR1583,51,Male,Standard,5,40
VWR1584,33,Male,Premium,6,50
VWR1585,52,Female,Standard,1,10
VWR1586,22,Male,Standard,2,110
VWR1587,62,Female,Basic,4,10
VWR1588,41,Non-Binary,Standard,1,10
VWR1589,24,Non-Binary,Standard,8,70
VWR1590,23,Female,Basic,2,110
VWR1591,21,Female,Basic,2,110
VWR1592,47,Male,Standard,1,10
VWR1593,18,Non-Binary,Basic,2,20
VWR1594,59,Male,Standard,6,50
VWR1595,53,Female,Standard,7,60
VWR1596,54,Female,Standard,2,90
VWR1597,31,Female,Standard,4,10
VWR1598,34,Male,Standard,1,10
VWR1599,64,Male,Standard,1,10
VWR1600,27,Non-Binary,Basic,6,50
VWR1601,23,Male,Standard,2,120
VWR1602,20,Male,Basic,7,60
VWR1603,60,Female,Basic,2,120
VWR1604,47,Female,Basic,1,10
VWR1605,64,Male,Basic,9,80
VWR1606,33,Male,Premium,7,60
VWR1607,43,Female,Premium,2,20
VWR1608,46,Male,Standard,2,110
VWR1609,34,Female,Premium,10,40
VWR1610,53,Male,Basic,3,30
VWR1611,42,Female,Standard,7,60
VWR1612,37,Male,Basic,5,40
VWR1613,39,Male,Premium,1,10
VWR1614,63,Male,Standard,9,80
VWR1615,40,Male,Premium,4,10
VWR1616,54,Male,Premium,1,10
VWR1617,52,Female,Premium,4,10
VWR1618,49,Female,Basic,2,20
VWR1619,56,Male,Basic,1,10
VWR1620,24,Male,Standard,10,40
VWR1621,61,Male,Basic,2,120
VWR1622,61,Male,Standard,2,110
VWR1623,58,Male,Standard,1,10
VWR1624,38,Female,Premium,2,90
VWR1625,23,Female,Premium,6,50
VWR1626,60,Male,Standard,9,80
VWR1627,40,Female,Basic,2,120
VWR1628,44,Female,Standard,1,10
VWR1629,38,Male,Basic,1,10
VWR1630,29,Female,Basic,6,50
VWR1631,61,Female,Basic,7,60
VWR1632,57,Male,Standard,5,40
VWR1633,49,Male,Standard,1,10
VWR1634,26,Male,Standard,1,10
VWR1635,63,Female,Standard,9,80
VWR1636,32,Female,Premium,5,40
VWR1637,43,Male,Standard,1,10
VWR1638,64,Male,Standard,2,100
VWR1639,18,Male,Basic,4,10
VWR1640,31,Male,Standard,1,10
VWR1641,36,Male,Standard,6,50
VWR1642,24,Non-Binary,Premium,4,10
VWR1643,57,Female,Premium,2,120
VWR1644,41,Female,Basic,2,90
VWR1645,42,Male,Basic,1,10
VWR1646,54,Non-Binary,Basic,10,40
VWR1647,54,Male,Premium,1,10
VWR1648,21,Male,Standard,8,70
VWR1649,20,Female,Premium,2,100
VWR1650,50,Male,Standard,10,40
VWR1651,31,Female,Standard,6,50
VWR1652,62,Non-Binary,Standard,2,120
VWR1653,43,Female,Standard,2,20
VWR1654,28,Male,Basic,8,70
VWR1655,40,Female,Basic,1,10
VWR1656,38,Male,Premium,2,110
VWR1657,24,Male,Basic,1,10
VWR1658,58,Male,Premium,4,10
VWR1659,27,Male,Basic,6,50
VWR1660,22,Male,Standard,2,20
VWR1661,59,Female,Standard,4,10
VWR1662,40,Male,Standard,5,40
VWR1663,53,Female,Standard,10,40
VWR1664,25,Male,Standard,2,90
VWR1665,57,Female,Basic,2,90
VWR1666,47,Male,Premium,5,40
VWR1667,52,Male,Premium,4,10
VWR1668,23,Male,Standard,8,70
VWR1669,37,Male,Basic,7,60
VWR1670,33,Male,Premium,10,40
VWR1671,18,Female,Basic,1,10
VWR1672,29,Male,Standard,2,120
VWR1673,19,Female,Basic,3,30
VWR1674,25,Male,Basic,9,80
VWR1675,63,Female,Basic,1,10
VWR1676,62,Non-Binary,Basic,1,10
VWR1677,64,Female,Basic,7,60
VWR1678,51,Female,Standard,9,80
VWR1679,64,Male,Standard,9,80
VWR1680,24,Female,Standard,1,10
VWR1681,39,Female,Basic,2,100
VWR1682,38,Female,Standard,4,10
VWR1683,28,Female,Basic,10,40
VWR1684,20,Female,Standard,4,10
VWR1685,33,Female,Standard,7,60
VWR1686,31,Male,Premium,6,50
VWR1687,27,Female,Standard,4,10
VWR1688,50,Male,Premium,9,80
VWR1689,60,Male,Standard,2,20
VWR1690,48,Male,Basic,1,10
VWR1691,57,Male,Basic,4,10
VWR1692,32,Male,Premium,9,80
VWR1693,23,Male,Standard,1,10
VWR1694,64,Male,Standard,2,90
VWR1695,25,Male,Premium,3,30
VWR1696,54,Female,Basic,10,40
VWR1697,26,Female,Standard,1,10
VWR1698,58,Male,Basic,1,10
VWR1699,62,Male,Premium,9,80
VWR1700,46,Female,Premium,1,10
VWR1701,24,Male,Standard,1,10
VWR1702,26,Female,Standard,1,10
VWR1703,44,Male,Basic,9,80
VWR1704,21,Male,Standard,5,40
VWR1705,47,Male,Standard,2,110
VWR1706,57,Female,Basic,4,10
VWR1707,19,Female,Premium,1,10
VWR1708,61,Female,Standard,1,10
VWR1709,48,Male,Premium,6,50
VWR1710,28,Female,Premium,1,10
VWR1711,34,Male,Premium,2,20
VWR1712,35,Male,Standard,4,10
VWR1713,54,Male,Premium,1,10
VWR1714,44,Female,Standard,9,80
VWR1715,41,Non-Binary,Standard,2,120
VWR1716,43,Male,Standard,10,40
VWR1717,42,Male,Standard,9,80
VWR1718,54,Female,Standard,1,10
VWR1719,55,Male,Standard,2,100
VWR1720,46,Non-Binary,Standard,2,20
VWR1721,37,Female,Basic,1,10
VWR1722,40,Male,Standard,2,110
VWR1723,30,Male,Basic,2,110
VWR1724,25,Male,Premium,1,10
VWR1725,60,Male,Premium,2,110
VWR1726,62,Male,Standard,2,120
VWR1727,50,Female,Standard,1,10
VWR1728,52,Female,Premium,10,40
VWR1729,61,Female,Standard,4,10
VWR1730,27,Female,Standard,9,80
VWR1731,63,Male,Standard,9,80
VWR1732,34,Male,Standard,5,40
VWR1733,26,Female,Premium,7,60
VWR1734,29,Female,Standard,2,110
VWR1735,32,Male,Premium,2,90
VWR1736,20,Female,Basic,10,40
VWR1737,41,Female,Standard,1,10
VWR1738,64,Male,Premium,2,100
VWR1739,42,Female,Standard,7,60
VWR1740,47,Male,Standard,2,100
VWR1741,35,Female,Premium,6,50
VWR1742,39,Non-Binary,Standard,9,80
VWR1743,54,Female,Premium,2,100
VWR1744,50,Male,Premium,2,120
VWR1745,26,Male,Basic,2,100
VWR1746,62,Female,Standard,2,120
VWR1747,57,Female,Basic,9,80
VWR1748,39,Male,Standard,1,10
VWR1749,41,Female,Standard,1,10
VWR1750,29,Male,Premium,8,70
VWR1751,35,Male,Standard,1,10
VWR1752,25,Male,Standard,6,50
VWR1753,36,Male,Standard,9,80
VWR1754,55,Male,Standard,2,120
VWR1755,44,Female,Basic,1,10
VWR1756,31,Female,Basic,2,100
VWR1757,32,Female,Standard,4,10
VWR1758,61,Female,Basic,1,10
VWR1759,64,Male,Premium,5,40
VWR1760,28,Male,Basic,8,70
VWR1761,46,Male,Premium,2,120
VWR1762,31,Male,Premium,2,90
VWR1763,45,Female,Standard,2,90
VWR1764,35,Female,Standard,3,30
VWR1765,21,Male,Basic,5,40
VWR1766,59,Female,Standard,10,40
VWR1767,44,Female,Premium,6,50
VWR1768,32,Female,Standard,8,70
VWR1769,45,Male,Basic,1,10
VWR1770,47,Male,Basic,1,10
VWR1771,20,Female,Standard,1,10
VWR1772,46,Female,Basic,2,90
VWR1773,41,Male,Standard,9,80
VWR1774,20,Male,Basic,10,40
VWR1775,29,Female,Basic,8,70
VWR1776,47,Female,Premium,1,10
VWR1777,19,Female,Basic,1,10
VWR1778,25,Female,Basic,4,10
VWR1779,49,Non-Binary,Premium,2,20
VWR1780,30,Male,Basic,1,10
VWR1781,51,Female,Basic,6,50
VWR1782,56,Female,Standard,6,50
VWR1783,49,Female,Basic,5,40
VWR1784,57,Male,Premium,6,50
VWR1785,31,Female,Basic,5,40
VWR1786,62,Female,Standard,1,10
VWR1787,30,Female,Standard,6,50
VWR1788,36,Male,Standard,1,10
VWR1789,32,Female,Basic,6,50
VWR1790,23,Female,Premium,2,110
VWR1791,23,Female,Standard,3,30
VWR1792,50,Male,Standard,3,30
VWR1793,25,Female,Premium,7,60
VWR1794,30,Male,Basic,8,70
VWR1795,27,Male,Standard,3,30
VWR1796,53,Male,Premium,8,70
VWR1797,58,Non-Binary,Standard,5,40
VWR1798,49,Female,Premium,10,40
VWR1799,52,Female,Standard,2,100
VWR1800,38,Male,Basic,3,30
VWR1801,31,Non-Binary,Premium,1,10
VWR1802,28,Female,Standard,1,10
VWR1803,56,Male,Premium,5,40
VWR1804,27,Female,Standard,2,120
VWR1805,29,Male,Premium,5,40
VWR1806,29,Female,Standard,2,110
VWR1807,31,Male,Basic,10,40
VWR1808,33,Male,Standard,2,110
VWR1809,35,Male,Standard,4,10
VWR1810,18,Female,Basic,2,90
VWR1811,37,Female,Standard,8,70
VWR1812,60,Male,Standard,2,20
VWR1813,60,Male,Standard,1,10
VWR1814,32,Female,Standard,5,40
VWR1815,42,Male,Standard,5,40
VWR1816,20,Male,Basic,7,60
VWR1817,29,Female,Standard,1,10
VWR1818,64,Male,Basic,2,110
VWR1819,61,Male,Standard,7,60
VWR1820,60,Male,Standard,1,10
VWR1821,31,Female,Standard,4,10
VWR1822,29,Male,Premium,3,30
VWR1823,19,Male,Standard,7,60
VWR1824,18,Male,Premium,1,10
VWR1825,26,Female,Basic,3,30
VWR1826,54,Male,Standard,2,90
VWR1827,57,Male,Standard,9,80
VWR1828,43,Male,Premium,5,40
VWR1829,22,Male,Standard,3,30
VWR1830,23,Female,Premium,3,30
VWR1831,46,Female,Standard,1,10
VWR1832,39,Female,Premium,1,10
VWR1833,48,Female,Standard,4,10
VWR1834,58,Female,Premium,2,90
VWR1835,37,Male,Standard,6,50
VWR1836,42,Male,Basic,4,10
VWR1837,61,Female,Standard,10,40
VWR1838,25,Male,Basic,2,90
VWR1839,40,Female,Standard,4,10
VWR1840,42,Male,Basic,3,30
VWR1841,36,Female,Standard,5,40
VWR1842,44,Non-Binary,Standard,1,10
VWR1843,60,Female,Standard,2,120
VWR1844,55,Male,Basic,2,110
VWR1845,44,Female,Standard,10,40
VWR1846,34,Female,Basic,2,20
VWR1847,38,Female,Standard,2,100
VWR1848,65,Male,Basic,1,10
VWR1849,47,Male,Basic,2,90
VWR1850,59,Male,Standard,5,40
VWR1851,31,Male,Standard,2,100
VWR1852,18,Male,Basic,3,30
VWR1853,28,Male,Standard,1,10
VWR1854,23,Female,Standard,2,90
VWR1855,57,Female,Premium,9,80
VWR1856,57,Male,Premium,7,60
VWR1857,33,Male,Basic,2,110
VWR1858,65,Male,Standard,2,100
VWR1859,37,Female,Standard,7,60
VWR1860,55,Male,Standard,9,80
VWR1861,34,Male,Standard,8,70
VWR1862,44,Male,Standard,2,100
VWR1863,60,Female,Basic,5,40
VWR1864,39,Female,Basic,2,120
VWR1865,64,Female,Premium,6,50
VWR1866,52,Female,Premium,5,40
VWR1867,35,Male,Basic,4,10
VWR1868,54,Male,Basic,10,40
VWR1869,48,Female,Standard,1,10
VWR1870,40,Male,Standard,2,120
VWR1871,41,Male,Premium,7,60
VWR1872,26,Male,Basic,1,10
VWR1873,45,Female,Standard,2,120
VWR1874,64,Female,Standard,1,10
VWR1875,27,Female,Premium,8,70
VWR1876,25,Male,Premium,1,10
VWR1877,40,Female,Standard,2,110
VWR1878,55,Male,Standard,1,10
VWR1879,18,Female,Standard,3,30
VWR1880,54,Female,Premium,7,60
VWR1881,53,Male,Basic,2,100
VWR1882,32,Male,Basic,2,110
VWR1883,41,Male,Basic,4,10
VWR1884,30,Female,Basic,9,80
VWR1885,26,Male,Basic,5,40
VWR1886,29,Male,Basic,2,100
VWR1887,37,Male,Standard,1,10
VWR1888,50,Female,Standard,4,10
VWR1889,52,Female,Basic,5,40
VWR1890,59,Male,Standard,7,60
VWR1891,35,Male,Standard,1,10
VWR1892,59,Male,Standard,1,10
VWR1893,36,Male,Basic,3,30
VWR1894,37,Male,Basic,10,40
VWR1895,52,Female,Premium,1,10
VWR1896,28,Male,Standard,10,40
VWR1897,45,Male,Basic,10,40
VWR1898,64,Female,Premium,7,60
VWR1899,30,Male,Premium,1,10
VWR1900,32,Male,Basic,4,10
VWR1901,24,Male,Premium,2,120
VWR1902,30,Male,Standard,2,90
VWR1903,62,Male,Premium,1,10
VWR1904,41,Female,Basic,7,60
VWR1905,27,Female,Standard,8,70
VWR1906,33,Female,Basic,2,100
VWR1907,31,Male,Premium,2,100
VWR1908,32,Female,Standard,1,10
VWR1909,28,Male,Basic,2,110
VWR1910,26,Male,Standard,6,50
VWR1911,55,Female,Standard,3,30
VWR1912,19,Male,Standard,9,80
VWR1913,60,Female,Basic,10,40
VWR1914,21,Male,Premium,9,80
VWR1915,60,Female,Standard,2,100
VWR1916,24,Female,Standard,7,60
VWR1917,49,Male,Basic,5,40
VWR1918,56,Female,Basic,1,10
VWR1919,41,Female,Basic,2,110
VWR1920,46,Male,Standard,9,80
VWR1921,39,Female,Premium,4,10
VWR1922,38,Female,Premium,1,10
VWR1923,62,Male,Standard,4,10
VWR1924,63,Male,Standard,4,10
VWR1925,33,Female,Standard,6,50
VWR1926,22,Female,Basic,3,30
VWR1927,21,Male,Standard,1,10
VWR1928,33,Female,Premium,3,30
VWR1929,65,Female,Standard,4,10
VWR1930,22,Male,Basic,9,80
VWR1931,36,Female,Standard,8,70
VWR1932,56,Male,Basic,9,80
VWR1933,57,Male,Standard,10,40
VWR1934,65,Female,Standard,4,10
VWR1935,29,Male,Premium,3,30
VWR1936,65,Male,Basic,10,40
VWR1937,28,Male,Premium,3,30
VWR1938,25,Male,Standard,1,10
VWR1939,55,Female,Standard,2,100
VWR1940,30,Female,Basic,10,40
VWR1941,30,Male,Basic,4,10
VWR1942,37,Female,Standard,2,20
VWR1943,55,Female,Basic,3,30
VWR1944,28,Male,Standard,3,30
VWR1945,50,Female,Basic,5,40
VWR1946,38,Male,Standard,7,60
VWR1947,57,Female,Basic,3,30
VWR1948,28,Non-Binary,Standard,2,90
VWR1949,35,Male,Premium,2,90
VWR1950,28,Male,Standard,3,30
VWR1951,44,Male,Standard,1,10
VWR1952,27,Female,Basic,4,10
VWR1953,54,Female,Basic,5,40
VWR1954,25,Male,Premium,4,10
VWR1955,44,Male,Basic,10,40
VWR1956,43,Male,Basic,2,120
VWR1957,27,Female,Basic,5,40
VWR1958,36,Female,Premium,4,10
VWR1959,42,Male,Standard,1,10
VWR1960,19,Female,Standard,4,10
VWR1961,31,Female,Basic,1,10
VWR1962,20,Male,Standard,4,10
VWR1963,32,Female,Basic,8,70
VWR1964,23,Male,Basic,7,60
VWR1965,29,Female,Standard,10,40
VWR1966,63,Male,Basic,2,20
VWR1967,52,Female,Standard,2,110
VWR1968,24,Female,Basic,9,80
VWR1969,52,Male,Basic,2,120
VWR1970,61,Male,Standard,2,90
VWR1971,50,Female,Standard,1,10
VWR1972,48,Male,Basic,5,40
VWR1973,58,Male,Premium,2,110
VWR1974,65,Male,Standard,2,100
VWR1975,36,Female,Basic,1,10
VWR1976,45,Female,Basic,1,10
VWR1977,19,Male,Basic,1,10
VWR1978,34,Female,Standard,2,120
VWR1979,64,Female,Standard,1,10
VWR1980,62,Female,Basic,9,80
VWR1981,46,Male,Standard,8,70
VWR1982,56,Non-Binary,Basic,4,10
VWR1983,24,Female,Standard,6,50
VWR1984,65,Female,Basic,1,10
VWR1985,45,Male,Standard,9,80
VWR1986,63,Male,Basic,6,50
VWR1987,65,Male,Basic,9,80
VWR1988,30,Female,Basic,4,10
VWR1989,38,Female,Basic,5,40
VWR1990,33,Female,Basic,9,80
VWR1991,44,Female,Standard,2,90
VWR1992,54,Female,Basic,5,40
VWR1993,52,Female,Basic,3,30
VWR1994,45,Female,Premium,3,30
VWR1995,53,Non-Binary,Basic,1,10
VWR1996,57,Female,Standard,9,80
VWR1997,31,Male,Standard,9,80
VWR1998,23,Female,Standard,9,80
VWR1999,52,Female,Standard,9,80
VWR2000,29,Male,Basic,7,60
VWR2001,24,Male,Basic,2,100
VWR2002,50,Female,Basic,1,10
VWR2003,27,Male,Standard,2,120
VWR2004,32,Male,Basic,3,30
VWR2005,64,Female,Standard,6,50
VWR2006,43,Non-Binary,Standard,2,20
VWR2007,45,Female,Standard,2,20
VWR2008,28,Male,Premium,8,70
VWR2009,24,Female,Premium,4,10
VWR2010,57,Male,Standard,2,20
VWR2011,25,Male,Standard,10,40
VWR2012,55,Male,Premium,1,10
VWR2013,52,Female,Basic,5,40
VWR2014,65,Female,Premium,3,30
VWR2015,27,Female,Standard,8,70
VWR2016,43,Female,Standard,6,50
VWR2017,40,Female,Basic,4,10
VWR2018,37,Female,Standard,2,90
VWR2019,28,Male,Basic,9,80
VWR2020,58,Female,Standard,2,110
VWR2021,26,Female,Standard,6,50
VWR2022,27,Female,Standard,2,110
VWR2023,37,Male,Standard,4,10
VWR2024,49,Male,Basic,4,10
VWR2025,47,Male,Standard,7,60
VWR2026,61,Female,Standard,2,100
VWR2027,50,Male,Standard,2,20
VWR2028,37,Male,Standard,3,30
VWR2029,51,Non-Binary,Basic,2,110
VWR2030,52,Female,Basic,2,120
VWR2031,52,Male,Basic,2,120
VWR2032,56,Male,Standard,1,10
VWR2033,18,Male,Basic,7,60
VWR2034,20,Male,Basic,8,70
VWR2035,43,Male,Standard,3,30
VWR2036,19,Female,Basic,9,80
VWR2037,34,Male,Basic,4,10
VWR2038,52,Female,Basic,2,120
VWR2039,20,Male,Basic,5,40
VWR2040,53,Male,Standard,7,60
VWR2041,65,Non-Binary,Standard,3,30
VWR2042,18,Male,Premium,2,90
VWR2043,18,Male,Basic,7,60
VWR2044,64,Male,Standard,5,40
VWR2045,56,Male,Basic,1,10
VWR2046,40,Male,Basic,9,80
VWR2047,30,Female,Premium,2,120
VWR2048,36,Male,Standard,5,40
VWR2049,48,Female,Premium,3,30
VWR2050,51,Female,Standard,5,40
VWR2051,20,Male,Standard,5,40
VWR2052,62,Male,Basic,2,100
VWR2053,37,Non-Binary,Basic,9,80
VWR2054,20,Male,Basic,4,10
VWR2055,53,Female,Standard,2,110
VWR2056,28,Male,Basic,9,80
VWR2057,26,Male,Premium,1,10
VWR2058,45,Female,Basic,4,10
VWR2059,29,Male,Premium,9,80
VWR2060,18,Male,Basic,1,10
VWR2061,60,Male,Standard,5,40
VWR2062,48,Female,Basic,2,100
VWR2063,41,Female,Standard,2,100
VWR2064,32,Female,Basic,2,20
VWR2065,23,Non-Binary,Basic,3,30
VWR2066,31,Male,Standard,6,50
VWR2067,56,Male,Standard,8,70
VWR2068,23,Female,Basic,2,90
VWR2069,48,Male,Standard,6,50
VWR2070,47,Female,Standard,1,10
VWR2071,64,Male,Basic,2,120
VWR2072,53,Male,Basic,2,100
VWR2073,28,Female,Basic,5,40
VWR2074,38,Male,Basic,6,50
VWR2075,49,Male,Basic,3,30
VWR2076,39,Female,Standard,1,10
VWR2077,41,Male,Basic,5,40
VWR2078,35,Female,Standard,2,100
VWR2079,40,Female,Basic,5,40
VWR2080,64,Female,Standard,9,80
VWR2081,47,Male,Standard,1,10
VWR2082,54,Male,Basic,6,50
VWR2083,56,Male,Basic,8,70
VWR2084,52,Male,Basic,3,30
VWR2085,44,Male,Standard,3,30
VWR2086,33,Female,Standard,5,40
VWR2087,29,Male,Basic,4,10
VWR2088,52,Female,Premium,3,30
VWR2089,40,Female,Standard,4,10
VWR2090,18,Male,Standard,3,30
VWR2091,61,Male,Basic,1,10
VWR2092,44,Male,Standard,2,100
VWR2093,64,Male,Premium,9,80
VWR2094,21,Male,Standard,7,60
VWR2095,45,Female,Basic,1,10
VWR2096,49,Male,Standard,2,110
VWR2097,28,Female,Standard,6,50
VWR2098,37,Male,Premium,9,80
VWR2099,56,Female,Premium,1,10
VWR2100,45,Male,Premium,4,10
VWR2101,55,Female,Standard,1,10
VWR2102,25,Male,Standard,5,40
VWR2103,54,Male,Premium,2,90
VWR2104,61,Female,Basic,8,70
VWR2105,52,Female,Standard,6,50
VWR2106,28,Female,Standard,2,100
VWR2107,50,Female,Basic,6,50
VWR2108,60,Female,Standard,7,60
VWR2109,53,Female,Standard,2,90
VWR2110,49,Male,Standard,7,60
VWR2111,26,Non-Binary,Standard,2,120
VWR2112,21,Male,Basic,8,70
VWR2113,47,Female,Standard,6,50
VWR2114,58,Female,Premium,9,80
VWR2115,30,Female,Premium,2,120
VWR2116,23,Male,Premium,3,30
VWR2117,51,Male,Premium,7,60
VWR2118,24,Female,Standard,9,80
VWR2119,28,Female,Standard,2,110
VWR2120,23,Male,Basic,3,30
VWR2121,51,Female,Standard,1,10
VWR2122,25,Female,Standard,8,70
VWR2123,49,Female,Basic,4,10
VWR2124,39,Female,Premium,10,40
VWR2125,57,Female,Premium,1,10
VWR2126,54,Female,Basic,8,70
VWR2127,47,Female,Standard,1,10
VWR2128,45,Female,Standard,1,10
VWR2129,23,Female,Standard,2,100
VWR2130,52,Female,Standard,6,50
VWR2131,65,Male,Premium,3,30
VWR2132,61,Male,Standard,2,90
VWR2133,54,Male,Standard,1,10
VWR2134,52,Male,Standard,1,10
VWR2135,26,Female,Basic,3,30
VWR2136,64,Male,Standard,1,10
VWR2137,38,Female,Standard,6,50
VWR2138,63,Male,Basic,8,70
VWR2139,26,Male,Standard,1,10
VWR2140,39,Female,Standard,2,20
VWR2141,31,Male,Standard,4,10
VWR2142,23,Male,Basic,9,80
VWR2143,43,Female,Basic,6,50
VWR2144,21,Female,Standard,2,120
VWR2145,45,Male,Standard,4,10
VWR2146,23,Female,Premium,2,90
VWR2147,33,Female,Standard,8,70
VWR2148,24,Male,Basic,2,20
VWR2149,57,Male,Basic,10,40
VWR2150,33,Female,Basic,3,30
VWR2151,28,Female,Standard,1,10
VWR2152,42,Male,Basic,7,60
VWR2153,51,Male,Premium,2,90
VWR2154,22,Male,Basic,2,110
VWR2155,47,Non-Binary,Basic,10,40
VWR2156,39,Female,Premium,9,80
VWR2157,44,Female,Basic,9,80
VWR2158,20,Male,Standard,2,20
VWR2159,49,Non-Binary,Basic,1,10
VWR2160,44,Male,Basic,1,10
VWR2161,24,Male,Basic,8,70
VWR2162,51,Female,Basic,2,20
VWR2163,19,Female,Standard,2,90
VWR2164,49,Male,Standard,1,10
VWR2165,60,Female,Standard,8,70
VWR2166,18,Female,Basic,6,50
VWR2167,35,Female,Standard,4,10
VWR2168,38,Female,Standard,7,60
VWR2169,33,Female,Standard,8,70
VWR2170,47,Male,Standard,4,10
VWR2171,30,Male,Premium,3,30
VWR2172,53,Non-Binary,Standard,7,60
VWR2173,35,Female,Standard,7,60
VWR2174,37,Non-Binary,Standard,1,10
VWR2175,22,Female,Basic,7,60
VWR2176,59,Female,Premium,3,30
VWR2177,31,Male,Standard,2,90
VWR2178,24,Male,Basic,2,100
VWR2179,25,Non-Binary,Basic,1,10
VWR2180,58,Female,Premium,3,30
VWR2181,26,Male,Basic,1,10
VWR2182,20,Female,Basic,7,60
VWR2183,32,Female,Standard,8,70
VWR2184,40,Male,Basic,6,50
VWR2185,22,Male,Standard,2,100
VWR2186,55,Female,Basic,3,30
VWR2187,28,Male,Premium,4,10
VWR2188,59,Male,Standard,2,120
VWR2189,37,Male,Standard,6,50
VWR2190,35,Female,Standard,1,10
VWR2191,65,Female,Basic,4,10
VWR2192,54,Male,Basic,2,100
VWR2193,37,Female,Basic,2,110
VWR2194,62,Female,Basic,1,10
VWR2195,52,Female,Basic,2,20
VWR2196,42,Female,Basic,1,10
VWR2197,48,Male,Standard,2,20
VWR2198,21,Female,Basic,2,90
VWR2199,56,Male,Standard,1,10
VWR2200,64,Male,Standard,2,110
VWR2201,52,Female,Basic,1,10
VWR2202,56,Male,Basic,3,30
VWR2203,26,Male,Standard,3,30
VWR2204,19,Female,Basic,10,40
VWR2205,30,Female,Basic,3,30
VWR2206,28,Male,Basic,3,30
VWR2207,54,Male,Standard,7,60
VWR2208,59,Male,Basic,9,80
VWR2209,34,Male,Premium,1,10
VWR2210,65,Male,Basic,7,60
VWR2211,54,Male,Premium,3,30
VWR2212,48,Female,Standard,10,40
VWR2213,21,Non-Binary,Basic,2,110
VWR2214,36,Female,Premium,2,100
VWR2215,41,Male,Standard,1,10
VWR2216,39,Male,Premium,1,10
VWR2217,27,Non-Binary,Premium,2,20
VWR2218,19,Female,Basic,5,40
VWR2219,48,Female,Standard,8,70
VWR2220,61,Male,Standard,1,10
VWR2221,32,Female,Standard,2,20
VWR2222,47,Female,Basic,1,10
VWR2223,61,Male,Premium,4,10
VWR2224,40,Female,Standard,8,70
VWR2225,24,Male,Standard,2,90
VWR2226,55,Female,Basic,2,120
VWR2227,52,Female,Premium,7,60
VWR2228,64,Female,Standard,6,50
VWR2229,53,Male,Premium,2,110
VWR2230,61,Male,Basic,10,40
VWR2231,18,Female,Basic,2,20
VWR2232,19,Female,Basic,3,30
VWR2233,53,Non-Binary,Premium,8,70
VWR2234,20,Female,Standard,1,10
VWR2235,23,Male,Basic,4,10
VWR2236,30,Male,Premium,2,120
VWR2237,30,Female,Premium,4,10
VWR2238,50,Male,Standard,2,100
VWR2239,50,Male,Basic,10,40
VWR2240,44,Male,Standard,10,40
VWR2241,18,Male,Premium,1,10
VWR2242,64,Female,Premium,1,10
VWR2243,18,Male,Basic,1,10
VWR2244,31,Male,Basic,9,80
VWR2245,42,Male,Basic,4,10
VWR2246,43,Male,Standard,6,50
VWR2247,18,Female,Standard,4,10
VWR2248,23,Male,Basic,7,60
VWR2249,19,Female,Premium,7,60
VWR2250,54,Female,Standard,1,10
VWR2251,26,Female,Basic,8,70
VWR2252,55,Female,Premium,3,30
VWR2253,47,Female,Standard,4,10
VWR2254,64,Male,Standard,2,120
VWR2255,23,Non-Binary,Premium,8,70
VWR2256,48,Non-Binary,Standard,4,10
VWR2257,19,Female,Premium,1,10
VWR2258,50,Male,Basic,10,40
VWR2259,64,Female,Premium,2,20
VWR2260,24,Female,Basic,1,10
VWR2261,56,Female,Standard,1,10
VWR2262,27,Female,Premium,2,120
VWR2263,30,Female,Premium,2,20
VWR2264,22,Male,Basic,5,40
VWR2265,44,Male,Basic,2,110
VWR2266,56,Female,Basic,10,40
VWR2267,35,Female,Standard,9,80
VWR2268,21,Male,Standard,1,10
VWR2269,26,Female,Standard,2,20
VWR2270,50,Male,Basic,1,10
VWR2271,56,Female,Basic,2,110
VWR2272,43,Male,Standard,1,10
VWR2273,22,Female,Standard,3,30
VWR2274,47,Male,Premium,9,80
VWR2275,30,Male,Basic,5,40
VWR2276,40,Non-Binary,Basic,9,80
VWR2277,57,Male,Standard,2,90
VWR2278,53,Female,Basic,10,40
VWR2279,44,Female,Standard,1,10
VWR2280,38,Male,Basic,7,60
VWR2281,43,Male,Basic,5,40
VWR2282,29,Male,Basic,3,30
VWR2283,23,Male,Basic,2,20
VWR2284,23,Male,Standard,1,10
VWR2285,29,Male,Premium,6,50
VWR2286,58,Male,Standard,4,10
VWR2287,59,Female,Premium,1,10
VWR2288,18,Female,Standard,6,50
VWR2289,32,Non-Binary,Standard,7,60
VWR2290,34,Male,Standard,6,50
VWR2291,37,Female,Premium,10,40
VWR2292,44,Non-Binary,Premium,10,40
VWR2293,24,Female,Basic,2,20
VWR2294,49,Female,Standard,1,10
VWR2295,64,Male,Premium,10,40
VWR2296,53,Non-Binary,Basic,2,100
VWR2297,52,Male,Premium,10,40
VWR2298,65,Female,Premium,7,60
VWR2299,29,Male,Premium,5,40
VWR2300,44,Female,Standard,3,30
VWR2301,27,Female,Basic,2,110
VWR2302,57,Female,Premium,1,10
VWR2303,46,Female,Premium,2,120
VWR2304,36,Female,Premium,7,60
VWR2305,55,Male,Basic,5,40
VWR2306,44,Non-Binary,Basic,1,10
VWR2307,50,Female,Premium,3,30
VWR2308,26,Male,Premium,10,40
VWR2309,37,Male,Standard,7,60
VWR2310,42,Female,Premium,9,80
VWR2311,39,Female,Standard,1,10
VWR2312,28,Male,Standard,2,100
VWR2313,43,Female,Basic,1,10
VWR2314,25,Male,Standard,2,20
VWR2315,30,Female,Basic,3,30
VWR2316,33,Male,Standard,1,10
VWR2317,39,Female,Standard,2,90
VWR2318,50,Female,Standard,3,30
VWR2319,35,Female,Standard,3,30
VWR2320,43,Male,Premium,1,10
VWR2321,24,Female,Premium,1,10
VWR2322,28,Female,Standard,1,10
VWR2323,65,Male,Premium,1,10
VWR2324,19,Male,Standard,1,10
VWR2325,45,Male,Premium,2,120
VWR2326,24,Female,Standard,3,30
VWR2327,21,Non-Binary,Basic,3,30
VWR2328,62,Male,Standard,1,10
VWR2329,55,Female,Premium,4,10
VWR2330,23,Female,Basic,1,10
VWR2331,37,Female,Standard,1,10
VWR2332,24,Female,Standard,1,10
VWR2333,47,Female,Standard,1,10
VWR2334,65,Male,Standard,1,10
VWR2335,40,Female,Standard,2,90
VWR2336,21,Female,Basic,7,60
VWR2337,36,Female,Standard,4,10
VWR2338,39,Female,Premium,8,70
VWR2339,22,Male,Standard,4,10
VWR2340,28,Female,Basic,2,120
VWR2341,53,Female,Premium,9,80
VWR2342,48,Male,Standard,2,20
VWR2343,63,Male,Basic,7,60
VWR2344,19,Female,Standard,2,110
VWR2345,48,Non-Binary,Basic,7,60
VWR2346,61,Female,Standard,9,80
VWR2347,42,Male,Standard,5,40
VWR2348,30,Female,Premium,1,10
VWR2349,44,Female,Basic,1,10
VWR2350,29,Female,Standard,9,80
VWR2351,63,Female,Standard,5,40
VWR2352,50,Male,Basic,3,30
VWR2353,30,Female,Basic,2,100
VWR2354,29,Male,Premium,9,80
VWR2355,42,Female,Standard,2,20
VWR2356,47,Male,Standard,4,10
VWR2357,46,Female,Standard,1,10
VWR2358,33,Female,Premium,2,20
VWR2359,62,Female,Premium,9,80
VWR2360,38,Male,Basic,1,10
VWR2361,27,Male,Basic,2,100
VWR2362,31,Male,Basic,9,80
VWR2363,59,Female,Basic,10,40
VWR2364,36,Female,Standard,7,60
VWR2365,57,Female,Basic,6,50
VWR2366,52,Female,Standard,1,10
VWR2367,37,Female,Standard,2,20
VWR2368,22,Female,Basic,4,10
VWR2369,24,Male,Basic,2,90
VWR2370,41,Female,Standard,3,30
VWR2371,62,Male,Standard,10,40
VWR2372,39,Male,Standard,2,120
VWR2373,38,Male,Basic,1,10
VWR2374,49,Male,Standard,7,60
VWR2375,50,Female,Standard,1,10
VWR2376,38,Female,Standard,2,20
VWR2377,26,Female,Basic,2,20
VWR2378,39,Female,Basic,2,110
VWR2379,54,Female,Basic,4,10
VWR2380,42,Female,Standard,2,90
VWR2381,56,Male,Basic,7,60
VWR2382,36,Female,Standard,2,90
VWR2383,41,Female,Standard,6,50
VWR2384,27,Male,Basic,3,30
VWR2385,47,Male,Premium,1,10
VWR2386,41,Male,Basic,3,30
VWR2387,52,Non-Binary,Standard,5,40
VWR2388,64,Male,Basic,3,30
VWR2389,51,Male,Basic,2,90
VWR2390,37,Female,Basic,2,20
VWR2391,29,Male,Basic,3,30
VWR2392,34,Female,Standard,1,10
VWR2393,27,Female,Basic,3,30
VWR2394,37,Non-Binary,Standard,3,30
VWR2395,18,Male,Premium,2,90
VWR2396,27,Female,Basic,5,40
VWR2397,31,Non-Binary,Basic,8,70
VWR2398,43,Female,Standard,4,10
VWR2399,31,Female,Standard,2,90
VWR2400,48,Female,Standard,3,30
VWR2401,19,Female,Standard,5,40
VWR2402,43,Female,Basic,9,80
VWR2403,39,Female,Standard,1,10
VWR2404,19,Female,Premium,2,100
VWR2405,27,Female,Standard,4,10
VWR2406,38,Female,Standard,6,50
VWR2407,18,Male,Standard,10,40
VWR2408,44,Male,Standard,6,50
VWR2409,47,Female,Basic,3,30
VWR2410,22,Female,Premium,2,110
VWR2411,34,Male,Basic,2,120
VWR2412,65,Female,Standard,2,110
VWR2413,63,Male,Premium,2,20
VWR2414,24,Male,Basic,1,10
VWR2415,41,Female,Standard,3,30
VWR2416,49,Male,Basic,4,10
VWR2417,28,Female,Standard,7,60
VWR2418,35,Female,Standard,1,10
VWR2419,20,Male,Premium,4,10
VWR2420,55,Male,Standard,8,70
VWR2421,29,Male,Basic,7,60
VWR2422,53,Male,Premium,2,120
VWR2423,29,Female,Basic,9,80
VWR2424,21,Male,Basic,8,70
VWR2425,47,Female,Standard,1,10
VWR2426,23,Male,Basic,9,80
VWR2427,20,Female,Standard,9,80
VWR2428,36,Female,Basic,10,40
VWR2429,29,Male,Basic,2,110
VWR2430,25,Female,Standard,4,10
VWR2431,46,Male,Basic,4,10
VWR2432,52,Male,Standard,4,10
VWR2433,38,Male,Basic,6,50
VWR2434,53,Male,Standard,2,120
VWR2435,32,Male,Standard,2,120
VWR2436,49,Male,Premium,10,40
VWR2437,54,Male,Standard,1,10
VWR2438,37,Non-Binary,Standard,2,20
VWR2439,45,Female,Standard,2,90
VWR2440,28,Male,Basic,5,40
VWR2441,40,Non-Binary,Standard,5,40
VWR2442,41,Male,Standard,2,120
VWR2443,52,Male,Premium,3,30
VWR2444,41,Female,Premium,2,110
VWR2445,20,Female,Standard,1,10
VWR2446,54,Non-Binary,Premium,9,80
VWR2447,28,Male,Basic,4,10
VWR2448,33,Female,Basic,2,100
VWR2449,20,Female,Basic,4,10
VWR2450,30,Male,Basic,1,10
VWR2451,33,Male,Basic,10,40
VWR2452,59,Female,Basic,7,60
VWR2453,25,Female,Standard,10,40
VWR2454,36,Male,Standard,10,40
VWR2455,32,Female,Standard,9,80
VWR2456,53,Male,Standard,7,60
VWR2457,33,Male,Basic,4,10
VWR2458,43,Female,Standard,8,70
VWR2459,52,Male,Standard,1,10
VWR2460,59,Male,Basic,6,50
VWR2461,35,Female,Basic,10,40
VWR2462,21,Male,Basic,9,80
VWR2463,38,Female,Standard,4,10
VWR2464,21,Male,Basic,4,10
VWR2465,30,Male,Standard,3,30
VWR2466,35,Male,Premium,4,10
VWR2467,35,Female,Standard,2,120
VWR2468,39,Female,Standard,9,80
VWR2469,29,Male,Basic,4,10
VWR2470,41,Male,Standard,2,110
VWR2471,35,Female,Basic,10,40
VWR2472,58,Female,Basic,8,70
VWR2473,27,Female,Premium,1,10
VWR2474,32,Male,Standard,2,110
VWR2475,65,Female,Premium,1,10
VWR2476,35,Male,Basic,2,90
VWR2477,40,Female,Premium,1,10
VWR2478,24,Male,Standard,2,100
VWR2479,55,Female,Basic,1,10
VWR2480,21,Female,Standard,5,40
VWR2481,47,Female,Basic,9,80
VWR2482,26,Male,Standard,4,10
VWR2483,27,Non-Binary,Standard,8,70
VWR2484,58,Female,Basic,2,100
VWR2485,25,Female,Standard,9,80
VWR2486,37,Female,Standard,10,40
VWR2487,49,Female,Premium,1,10
VWR2488,31,Female,Standard,1,10
VWR2489,53,Male,Basic,4,10
VWR2490,21,Male,Standard,9,80
VWR2491,36,Non-Binary,Basic,4,10
VWR2492,39,Female,Standard,9,80
VWR2493,51,Male,Standard,2,120
VWR2494,38,Female,Standard,1,10
VWR2495,43,Female,Basic,3,30
VWR2496,43,Female,Standard,3,30
VWR2497,41,Male,Basic,7,60
VWR2498,38,Female,Basic,7,60
VWR2499,28,Female,Basic,4,10
VWR2500,18,Female,Standard,8,70
VWR2501,28,Female,Premium,2,110
VWR2502,44,Male,Standard,2,120
VWR2503,59,Male,Premium,9,80
VWR2504,28,Male,Basic,1,10
VWR2505,29,Female,Standard,2,120
VWR2506,59,Male,Basic,4,10
VWR2507,20,Male,Standard,6,50
VWR2508,21,Non-Binary,Standard,2,100
VWR2509,22,Female,Basic,1,10
VWR2510,63,Male,Basic,1,10
VWR2511,23,Female,Basic,6,50
VWR2512,52,Female,Basic,7,60
VWR2513,23,Male,Standard,2,110
VWR2514,62,Male,Premium,2,20
VWR2515,27,Male,Standard,9,80
VWR2516,43,Male,Standard,2,100
VWR2517,48,Non-Binary,Premium,2,20
VWR2518,63,Female,Premium,2,90
VWR2519,54,Male,Standard,1,10
VWR2520,45,Male,Premium,1,10
VWR2521,32,Female,Basic,5,40
VWR2522,30,Female,Basic,8,70
VWR2523,57,Male,Standard,5,40
VWR2524,37,Male,Basic,10,40
VWR2525,40,Male,Premium,1,10
VWR2526,65,Male,Basic,1,10
VWR2527,42,Female,Standard,3,30
VWR2528,45,Female,Basic,2,20
VWR2529,29,Female,Basic,2,100
VWR2530,22,Female,Premium,2,110
VWR2531,53,Male,Premium,1,10
VWR2532,49,Female,Standard,8,70
VWR2533,62,Male,Premium,1,10
VWR2534,46,Male,Standard,2,90
VWR2535,49,Male,Basic,1,10
VWR2536,30,Female,Standard,2,100
VWR2537,18,Male,Premium,2,120
VWR2538,41,Female,Standard,7,60
VWR2539,44,Female,Basic,7,60
VWR2540,29,Male,Standard,5,40
VWR2541,22,Female,Premium,6,50
VWR2542,39,Male,Premium,1,10
VWR2543,38,Female,Premium,4,10
VWR2544,43,Female,Basic,1,10
VWR2545,56,Male,Standard,7,60
VWR2546,32,Female,Basic,4,10
VWR2547,21,Male,Premium,5,40
VWR2548,65,Male,Basic,5,40
VWR2549,51,Male,Basic,3,30
VWR2550,64,Male,Standard,1,10
VWR2551,59,Non-Binary,Standard,3,30
VWR2552,47,Male,Premium,2,110
VWR2553,43,Female,Premium,7,60
VWR2554,22,Male,Basic,10,40
VWR2555,51,Male,Standard,6,50
VWR2556,20,Female,Basic,4,10
VWR2557,62,Male,Premium,3,30
VWR2558,51,Male,Basic,1,10
VWR2559,53,Male,Basic,3,30
VWR2560,45,Male,Premium,2,110
VWR2561,46,Male,Standard,2,90
VWR2562,31,Male,Standard,3,30
VWR2563,19,Female,Standard,2,90
VWR2564,25,Female,Basic,7,60
VWR2565,44,Male,Premium,6,50
VWR2566,59,Male,Basic,9,80
VWR2567,50,Male,Standard,1,10
VWR2568,50,Female,Standard,2,90
VWR2569,20,Male,Standard,7,60
VWR2570,31,Male,Premium,4,10
VWR2571,62,Female,Premium,6,50
VWR2572,43,Male,Premium,7,60
VWR2573,58,Male,Basic,7,60
VWR2574,37,Female,Basic,5,40
VWR2575,47,Male,Standard,1,10
VWR2576,62,Female,Standard,4,10
VWR2577,19,Male,Basic,2,110
VWR2578,22,Male,Basic,8,70
VWR2579,61,Female,Basic,9,80
VWR2580,55,Female,Standard,1,10
VWR2581,57,Male,Premium,3,30
VWR2582,28,Female,Standard,7,60
VWR2583,31,Female,Basic,2,100
VWR2584,65,Female,Basic,1,10
VWR2585,57,Male,Standard,2,100
VWR2586,31,Female,Standard,2,20
VWR2587,60,Male,Premium,5,40
VWR2588,33,Non-Binary,Basic,5,40
VWR2589,56,Female,Basic,10,40
VWR2590,57,Non-Binary,Standard,2,120
VWR2591,56,Male,Standard,10,40
VWR2592,46,Male,Standard,7,60
VWR2593,51,Male,Premium,10,40
VWR2594,65,Female,Standard,2,120
VWR2595,62,Male,Premium,2,20
VWR2596,65,Male,Standard,5,40
VWR2597,48,Female,Premium,1,10
VWR2598,59,Male,Basic,2,110
VWR2599,59,Female,Premium,1,10
VWR2600,21,Male,Standard,7,60
VWR2601,64,Female,Premium,2,120
VWR2602,23,Male,Basic,5,40
VWR2603,25,Female,Premium,2,20
VWR2604,44,Female,Basic,10,40
VWR2605,31,Male,Standard,9,80
VWR2606,58,Female,Premium,1,10
VWR2607,28,Male,Standard,1,10
VWR2608,44,Female,Standard,4,10
VWR2609,37,Female,Basic,7,60
VWR2610,60,Female,Standard,10,40
VWR2611,60,Female,Basic,3,30
VWR2612,59,Female,Standard,4,10
VWR2613,44,Female,Standard,1,10
VWR2614,25,Female,Premium,4,10
VWR2615,28,Female,Standard,2,20
VWR2616,53,Male,Basic,1,10
VWR2617,57,Male,Basic,1,10
VWR2618,29,Non-Binary,Standard,7,60
VWR2619,34,Male,Basic,5,40
VWR2620,42,Female,Basic,7,60
VWR2621,61,Female,Standard,2,120
VWR2622,29,Male,Standard,1,10
VWR2623,60,Male,Basic,7,60
VWR2624,31,Male,Basic,9,80
VWR2625,27,Non-Binary,Standard,1,10
VWR2626,53,Female,Standard,2,90
VWR2627,33,Female,Standard,2,20
VWR2628,36,Male,Basic,2,90
VWR2629,62,Male,Standard,8,70
VWR2630,34,Female,Basic,2,110
VWR2631,46,Female,Standard,4,10
VWR2632,33,Female,Premium,2,20
VWR2633,52,Male,Standard,2,120
VWR2634,46,Non-Binary,Basic,6,50
VWR2635,44,Male,Basic,2,110
VWR2636,45,Male,Standard,1,10
VWR2637,57,Non-Binary,Standard,3,30
VWR2638,26,Male,Basic,4,10
VWR2639,60,Female,Basic,7,60
VWR2640,34,Male,Standard,1,10
VWR2641,44,Female,Basic,1,10
VWR2642,22,Non-Binary,Premium,2,110
VWR2643,44,Male,Premium,4,10
VWR2644,56,Female,Basic,2,120
VWR2645,56,Female,Standard,9,80
VWR2646,53,Female,Premium,2,100
VWR2647,47,Female,Standard,2,120
VWR2648,45,Male,Basic,1,10
VWR2649,21,Female,Premium,2,90
VWR2650,33,Male,Basic,2,120
VWR2651,30,Non-Binary,Standard,3,30
VWR2652,26,Male,Basic,1,10
VWR2653,36,Male,Standard,9,80
VWR2654,47,Female,Basic,5,40
VWR2655,65,Non-Binary,Premium,4,10
VWR2656,20,Female,Standard,2,90
VWR2657,31,Male,Basic,4,10
VWR2658,54,Female,Basic,3,30
VWR2659,52,Female,Basic,5,40
VWR2660,45,Female,Premium,4,10
VWR2661,65,Female,Premium,2,90
VWR2662,18,Male,Premium,1,10
VWR2663,21,Female,Basic,5,40
VWR2664,19,Female,Standard,8,70
VWR2665,24,Female,Basic,2,120
VWR2666,43,Male,Premium,9,80
VWR2667,52,Female,Premium,10,40
VWR2668,41,Male,Basic,1,10
VWR2669,48,Female,Basic,1,10
VWR2670,46,Female,Standard,9,80
VWR2671,45,Female,Premium,9,80
VWR2672,59,Female,Standard,1,10
VWR2673,18,Male,Standard,7,60
VWR2674,25,Female,Basic,2,100
VWR2675,60,Male,Standard,10,40
VWR2676,24,Male,Standard,2,110
VWR2677,59,Male,Standard,3,30
VWR2678,21,Male,Basic,10,40
VWR2679,60,Male,Basic,4,10
VWR2680,57,Female,Standard,6,50
VWR2681,55,Male,Standard,6,50
VWR2682,30,Male,Basic,2,20
VWR2683,35,Female,Basic,2,100
VWR2684,35,Female,Basic,4,10
VWR2685,52,Male,Basic,6,50
VWR2686,18,Female,Standard,2,20
VWR2687,22,Female,Standard,2,120
VWR2688,62,Female,Standard,10,40
VWR2689,62,Male,Standard,2,110
VWR2690,55,Male,Basic,8,70
VWR2691,20,Female,Basic,2,100
VWR2692,50,Male,Basic,7,60
VWR2693,64,Female,Basic,6,50
VWR2694,46,Male,Standard,9,80
VWR2695,60,Male,Standard,4,10
VWR2696,43,Male,Standard,1,10
VWR2697,21,Male,Standard,3,30
VWR2698,18,Female,Basic,9,80
VWR2699,35,Non-Binary,Premium,2,120
VWR2700,27,Male,Premium,2,120
VWR2701,31,Female,Standard,1,10
VWR2702,65,Female,Basic,1,10
VWR2703,53,Male,Premium,2,120
VWR2704,62,Female,Standard,4,10
VWR2705,18,Male,Basic,4,10
VWR2706,39,Male,Premium,4,10
VWR2707,63,Female,Premium,2,110
VWR2708,39,Female,Basic,6,50
VWR2709,30,Female,Standard,1,10
VWR2710,50,Female,Premium,2,20
VWR2711,45,Female,Standard,7,60
VWR2712,53,Female,Premium,10,40
VWR2713,20,Non-Binary,Standard,4,10
VWR2714,57,Male,Premium,4,10
VWR2715,58,Female,Basic,8,70
VWR2716,30,Female,Premium,2,20
VWR2717,42,Male,Basic,7,60
VWR2718,53,Male,Basic,2,100
VWR2719,60,Male,Standard,2,90
VWR2720,47,Female,Standard,2,100
VWR2721,19,Male,Standard,1,10
VWR2722,18,Female,Premium,3,30
VWR2723,36,Female,Standard,2,100
VWR2724,52,Female,Standard,7,60
VWR2725,58,Female,Basic,1,10
VWR2726,36,Male,Basic,7,60
VWR2727,39,Female,Standard,4,10
VWR2728,42,Non-Binary,Basic,2,110
VWR2729,38,Female,Standard,2,90
VWR2730,41,Male,Basic,9,80
VWR2731,22,Female,Basic,6,50
VWR2732,49,Female,Premium,1,10
VWR2733,42,Female,Basic,1,10
VWR2734,21,Male,Basic,9,80
VWR2735,18,Male,Basic,2,110
VWR2736,59,Male,Standard,4,10
VWR2737,57,Female,Basic,2,20
VWR2738,55,Male,Basic,8,70
VWR2739,65,Male,Basic,1,10
VWR2740,56,Male,Basic,2,20
VWR2741,41,Female,Standard,2,110
VWR2742,54,Female,Basic,2,20
VWR2743,57,Female,Standard,2,20
VWR2744,47,Male,Premium,1,10
VWR2745,36,Female,Basic,3,30
VWR2746,26,Male,Basic,2,120
VWR2747,56,Male,Basic,4,10
VWR2748,23,Male,Basic,2,120
VWR2749,63,Female,Standard,4,10
VWR2750,51,Male,Premium,4,10
VWR2751,39,Male,Standard,8,70
VWR2752,56,Female,Standard,8,70
VWR2753,57,Female,Basic,1,10
VWR2754,33,Non-Binary,Standard,2,20
VWR2755,26,Male,Standard,7,60
VWR2756,46,Female,Basic,2,100
VWR2757,19,Male,Standard,2,110
VWR2758,41,Female,Basic,10,40
VWR2759,61,Male,Standard,2,90
VWR2760,58,Non-Binary,Standard,5,40
VWR2761,38,Male,Basic,7,60
VWR2762,41,Male,Basic,2,20
VWR2763,33,Female,Basic,1,10
VWR2764,21,Female,Premium,4,10
VWR2765,41,Male,Standard,6,50
VWR2766,55,Male,Standard,2,110
VWR2767,65,Male,Standard,1,10
VWR2768,54,Female,Standard,3,30
VWR2769,37,Female,Standard,6,50
VWR2770,42,Female,Standard,2,100
VWR2771,38,Female,Standard,1,10
VWR2772,53,Male,Standard,4,10
VWR2773,61,Male,Standard,1,10
VWR2774,65,Female,Premium,10,40
VWR2775,23,Female,Basic,7,60
VWR2776,59,Male,Basic,1,10
VWR2777,41,Male,Basic,1,10
VWR2778,27,Female,Standard,1,10
VWR2779,61,Male,Standard,3,30
VWR2780,36,Male,Basic,8,70
VWR2781,26,Male,Standard,4,10
VWR2782,47,Male,Premium,7,60
VWR2783,34,Male,Standard,5,40
VWR2784,32,Female,Premium,2,90
VWR2785,20,Male,Standard,5,40
VWR2786,24,Male,Premium,1,10
VWR2787,57,Male,Standard,1,10
VWR2788,35,Male,Basic,1,10
VWR2789,56,Female,Basic,2,20
VWR2790,61,Female,Premium,4,10
VWR2791,39,Female,Standard,8,70
VWR2792,42,Male,Premium,1,10
VWR2793,62,Female,Basic,2,120
VWR2794,32,Male,Basic,4,10
VWR2795,36,Non-Binary,Basic,8,70
VWR2796,45,Non-Binary,Standard,1,10
VWR2797,26,Female,Standard,1,10
VWR2798,44,Female,Standard,2,20
VWR2799,43,Male,Basic,10,40
VWR2800,46,Male,Standard,3,30
VWR2801,42,Female,Basic,1,10
VWR2802,50,Female,Basic,2,120
VWR2803,58,Female,Standard,2,20
VWR2804,26,Female,Basic,6,50
VWR2805,45,Female,Standard,5,40
VWR2806,45,Male,Basic,3,30
VWR2807,18,Female,Standard,4,10
VWR2808,20,Male,Standard,1,10
VWR2809,60,Non-Binary,Standard,7,60
VWR2810,43,Female,Standard,7,60
VWR2811,64,Male,Standard,10,40
VWR2812,49,Female,Basic,2,120
VWR2813,31,Non-Binary,Standard,3,30
VWR2814,49,Female,Premium,4,10
VWR2815,56,Female,Basic,6,50
VWR2816,50,Male,Standard,9,80
VWR2817,38,Female,Basic,4,10
VWR2818,27,Female,Standard,2,90
VWR2819,26,Male,Basic,2,90
VWR2820,42,Male,Basic,4,10
VWR2821,55,Female,Premium,6,50
VWR2822,22,Female,Premium,7,60
VWR2823,53,Female,Basic,2,100
VWR2824,62,Male,Standard,1,10
VWR2825,26,Female,Premium,2,90
VWR2826,63,Female,Premium,10,40
VWR2827,39,Male,Standard,2,90
VWR2828,49,Male,Standard,3,30
VWR2829,27,Female,Basic,3,30
VWR2830,59,Female,Standard,3,30
VWR2831,36,Male,Standard,2,120
VWR2832,64,Male,Standard,2,20
VWR2833,41,Male,Standard,4,10
VWR2834,56,Female,Premium,10,40
VWR2835,61,Male,Standard,2,20
VWR2836,54,Female,Standard,2,100
VWR2837,52,Male,Basic,9,80
VWR2838,46,Male,Standard,4,10
VWR2839,52,Male,Premium,1,10
VWR2840,43,Male,Basic,2,110
VWR2841,64,Male,Standard,2,100
VWR2842,39,Female,Premium,10,40
VWR2843,38,Male,Standard,10,40
VWR2844,40,Male,Premium,9,80
VWR2845,35,Male,Basic,2,110
VWR2846,39,Female,Premium,3,30
VWR2847,26,Male,Basic,7,60
VWR2848,42,Male,Basic,1,10
VWR2849,34,Female,Basic,1,10
VWR2850,55,Female,Premium,7,60
VWR2851,30,Male,Standard,1,10
VWR2852,45,Male,Standard,4,10
VWR2853,48,Female,Standard,8,70
VWR2854,33,Male,Basic,3,30
VWR2855,35,Male,Basic,4,10
VWR2856,21,Male,Standard,5,40
VWR2857,52,Female,Standard,2,20
VWR2858,56,Female,Basic,1,10
VWR2859,35,Female,Basic,1,10
VWR2860,58,Male,Standard,7,60
VWR2861,54,Female,Basic,4,10
VWR2862,53,Male,Basic,2,90
VWR2863,51,Male,Basic,2,100
VWR2864,31,Male,Standard,1,10
VWR2865,49,Male,Standard,7,60
VWR2866,54,Male,Standard,10,40
VWR2867,54,Male,Basic,10,40
VWR2868,20,Male,Premium,2,120
VWR2869,63,Female,Basic,1,10
VWR2870,20,Female,Premium,5,40
VWR2871,56,Non-Binary,Basic,2,120
VWR2872,57,Female,Basic,3,30
VWR2873,37,Male,Basic,1,10
VWR2874,46,Female,Standard,4,10
VWR2875,47,Male,Standard,4,10
VWR2876,60,Male,Standard,10,40
VWR2877,61,Female,Basic,2,100
VWR2878,51,Female,Basic,1,10
VWR2879,59,Female,Standard,4,10
VWR2880,35,Male,Standard,3,30
VWR2881,28,Non-Binary,Standard,2,90
VWR2882,41,Female,Standard,6,50
VWR2883,35,Male,Standard,4,10
VWR2884,51,Male,Premium,3,30
VWR2885,42,Male,Premium,2,20
VWR2886,41,Male,Premium,2,20
VWR2887,23,Male,Standard,9,80
VWR2888,42,Female,Premium,2,90
VWR2889,44,Female,Standard,4,10
VWR2890,44,Female,Basic,1,10
VWR2891,27,Male,Standard,3,30
VWR2892,50,Non-Binary,Basic,3,30
VWR2893,28,Male,Standard,1,10
VWR2894,20,Female,Standard,4,10
VWR2895,38,Female,Premium,10,40
VWR2896,58,Female,Basic,6,50
VWR2897,35,Female,Premium,9,80
VWR2898,63,Male,Standard,4,10
VWR2899,38,Male,Standard,2,110
VWR2900,52,Female,Standard,1,10
VWR2901,65,Male,Standard,8,70
VWR2902,38,Female,Basic,2,20
VWR2903,41,Female,Standard,4,10
VWR2904,42,Male,Premium,6,50
VWR2905,53,Female,Standard,2,100
VWR2906,27,Non-Binary,Standard,3,30
VWR2907,33,Female,Standard,2,90
VWR2908,58,Female,Standard,1,10
VWR2909,39,Female,Standard,5,40
VWR2910,24,Male,Standard,7,60
VWR2911,51,Female,Premium,7,60
VWR2912,24,Female,Basic,7,60
VWR2913,59,Female,Basic,7,60
VWR2914,20,Female,Basic,2,120
VWR2915,32,Female,Basic,4,10
VWR2916,42,Female,Premium,4,10
VWR2917,60,Female,Standard,2,120
VWR2918,20,Male,Basic,2,110
VWR2919,47,Female,Standard,2,100
VWR2920,64,Female,Premium,3,30
VWR2921,40,Female,Basic,1,10
VWR2922,33,Female,Standard,3,30
VWR2923,60,Female,Basic,8,70
VWR2924,58,Male,Premium,2,100
VWR2925,40,Male,Basic,2,20
VWR2926,56,Female,Standard,3,30
VWR2927,63,Female,Basic,3,30
VWR2928,52,Male,Premium,2,120
VWR2929,48,Non-Binary,Standard,2,100
VWR2930,27,Female,Premium,6,50
VWR2931,21,Male,Standard,7,60
VWR2932,58,Female,Premium,2,100
VWR2933,56,Male,Basic,7,60
VWR2934,46,Female,Standard,5,40
VWR2935,27,Male,Premium,9,80
VWR2936,58,Male,Standard,7,60
VWR2937,48,Female,Basic,2,110
VWR2938,32,Female,Standard,9,80
VWR2939,37,Female,Basic,8,70
VWR2940,57,Male,Basic,2,90
VWR2941,60,Male,Basic,3,30
VWR2942,49,Male,Standard,4,10
VWR2943,63,Female,Standard,1,10
VWR2944,43,Non-Binary,Standard,2,120
VWR2945,26,Female,Basic,2,20
VWR2946,63,Female,Standard,4,10
VWR2947,32,Male,Basic,10,40
VWR2948,22,Female,Standard,2,100
VWR2949,55,Male,Standard,2,90
VWR2950,31,Male,Standard,10,40
VWR2951,63,Male,Basic,8,70
VWR2952,65,Female,Standard,1,10
VWR2953,58,Female,Standard,2,20
VWR2954,57,Male,Basic,9,80
VWR2955,18,Non-Binary,Premium,1,10
VWR2956,60,Male,Standard,1,10
VWR2957,36,Female,Basic,1,10
VWR2958,37,Female,Standard,7,60
VWR2959,63,Female,Premium,2,20
VWR2960,46,Male,Standard,2,110
VWR2961,64,Female,Standard,1,10
VWR2962,30,Female,Basic,2,90
VWR2963,58,Male,Premium,1,10
VWR2964,64,Female,Standard,1,10
VWR2965,25,Female,Basic,7,60
VWR2966,25,Female,Standard,2,110
VWR2967,22,Male,Premium,2,110
VWR2968,33,Male,Premium,6,50
VWR2969,26,Female,Premium,9,80
VWR2970,62,Non-Binary,Basic,1,10
VWR2971,20,Male,Premium,4,10
VWR2972,45,Female,Premium,6,50
VWR2973,57,Female,Basic,3,30
VWR2974,57,Male,Basic,8,70
VWR2975,25,Male,Basic,2,110
VWR2976,33,Female,Standard,1,10
VWR2977,43,Female,Standard,3,30
VWR2978,21,Male,Standard,2,110
VWR2979,26,Male,Basic,3,30
VWR2980,40,Female,Standard,4,10
VWR2981,58,Male,Standard,9,80
VWR2982,29,Female,Standard,1,10
VWR2983,34,Female,Basic,8,70
VWR2984,31,Female,Premium,1,10
VWR2985,53,Male,Premium,9,80
VWR2986,39,Male,Standard,6,50
VWR2987,35,Female,Premium,10,40
VWR2988,43,Female,Basic,2,120
VWR2989,32,Female,Basic,9,80
VWR2990,32,Male,Premium,7,60
VWR2991,41,Female,Basic,2,20
VWR2992,27,Male,Basic,8,70
VWR2993,55,Male,Standard,6,50
VWR2994,38,Male,Basic,4,10
VWR2995,36,Male,Basic,5,40
VWR2996,59,Male,Basic,2,110
VWR2997,62,Female,Standard,1,10
VWR2998,24,Female,Standard,1,10
VWR2999,23,Male,Standard,10,40
VWR3000,34,Male,Standard,2,20
VWR3001,18,Female,Standard,2,20
VWR3002,24,Male,Standard,4,10
VWR3003,38,Male,Basic,5,40
VWR3004,21,Male,Standard,7,60
VWR3005,27,Female,Premium,8,70
VWR3006,33,Female,Standard,5,40
VWR3007,29,Female,Basic,2,100
VWR3008,29,Male,Basic,2,20
VWR3009,39,Non-Binary,Standard,3,30
VWR3010,61,Male,Premium,2,20
VWR3011,65,Male,Basic,1,10
VWR3012,43,Male,Basic,1,10
VWR3013,38,Female,Standard,2,100
VWR3014,43,Male,Basic,1,10
VWR3015,51,Male,Basic,8,70
VWR3016,20,Male,Basic,1,10
VWR3017,55,Male,Standard,8,70
VWR3018,42,Male,Basic,1,10
VWR3019,65,Female,Basic,10,40
VWR3020,31,Male,Basic,1,10
VWR3021,30,Male,Basic,2,20
VWR3022,42,Non-Binary,Basic,1,10
VWR3023,64,Female,Basic,2,90
VWR3024,61,Male,Basic,8,70
VWR3025,43,Male,Premium,2,120
VWR3026,45,Female,Basic,4,10
VWR3027,45,Male,Basic,4,10
VWR3028,64,Female,Premium,6,50
VWR3029,58,Female,Standard,2,110
VWR3030,33,Male,Standard,8,70
VWR3031,41,Male,Standard,5,40
VWR3032,23,Male,Basic,2,110
VWR3033,41,Female,Standard,2,110
VWR3034,49,Female,Standard,1,10
VWR3035,33,Female,Standard,1,10
VWR3036,44,Male,Basic,4,10
VWR3037,41,Male,Standard,3,30
VWR3038,41,Male,Premium,4,10
VWR3039,35,Female,Standard,7,60
VWR3040,60,Male,Basic,6,50
VWR3041,62,Female,Standard,4,10
VWR3042,54,Female,Basic,7,60
VWR3043,30,Female,Standard,2,100
VWR3044,49,Female,Basic,10,40
VWR3045,48,Male,Standard,1,10
VWR3046,62,Female,Premium,8,70
VWR3047,53,Female,Basic,6,50
VWR3048,44,Female,Standard,2,100
VWR3049,19,Male,Basic,2,120
VWR3050,27,Male,Standard,6,50
VWR3051,57,Female,Premium,5,40
VWR3052,60,Male,Basic,4,10
VWR3053,61,Non-Binary,Basic,8,70
VWR3054,59,Male,Standard,2,120
VWR3055,19,Female,Basic,1,10
VWR3056,21,Female,Basic,1,10
VWR3057,18,Non-Binary,Basic,8,70
VWR3058,48,Non-Binary,Premium,4,10
VWR3059,26,Male,Basic,1,10
VWR3060,25,Non-Binary,Standard,2,90
VWR3061,37,Female,Standard,1,10
VWR3062,59,Male,Basic,1,10
VWR3063,58,Male,Premium,4,10
VWR3064,31,Female,Basic,2,110
VWR3065,26,Female,Standard,1,10
VWR3066,58,Female,Basic,7,60
VWR3067,34,Female,Standard,2,120
VWR3068,25,Male,Standard,10,40
VWR3069,63,Male,Standard,9,80
VWR3070,46,Non-Binary,Basic,4,10
VWR3071,53,Male,Basic,5,40
VWR3072,20,Male,Standard,4,10
VWR3073,54,Male,Standard,1,10
VWR3074,54,Female,Standard,6,50
VWR3075,23,Male,Basic,1,10
VWR3076,31,Female,Standard,10,40
VWR3077,60,Female,Premium,8,70
VWR3078,36,Male,Standard,2,20
VWR3079,34,Male,Basic,7,60
VWR3080,45,Female,Basic,1,10
VWR3081,34,Female,Basic,1,10
VWR3082,55,Female,Standard,2,100
VWR3083,19,Male,Basic,5,40
VWR3084,28,Female,Basic,9,80
VWR3085,44,Female,Premium,3,30
VWR3086,20,Female,Basic,2,120
VWR3087,20,Male,Basic,4,10
VWR3088,30,Male,Premium,10,40
VWR3089,37,Female,Premium,9,80
VWR3090,31,Male,Basic,10,40
VWR3091,48,Female,Standard,1,10
VWR3092,55,Male,Premium,3,30
VWR3093,38,Female,Basic,2,20
VWR3094,23,Female,Basic,6,50
VWR3095,63,Male,Standard,9,80
VWR3096,19,Non-Binary,Basic,9,80
VWR3097,18,Male,Premium,3,30
VWR3098,59,Male,Basic,4,10
VWR3099,52,Male,Standard,1,10
VWR3100,62,Male,Premium,2,110
VWR3101,48,Female,Standard,2,110
VWR3102,30,Female,Basic,2,110
VWR3103,23,Male,Standard,7,60
VWR3104,60,Non-Binary,Basic,2,20
VWR3105,36,Male,Standard,4,10
VWR3106,36,Female,Basic,1,10
VWR3107,31,Male,Standard,2,100
VWR3108,60,Male,Basic,5,40
VWR3109,40,Male,Premium,4,10
VWR3110,59,Female,Basic,1,10
VWR3111,26,Female,Basic,1,10
VWR3112,22,Female,Standard,6,50
VWR3113,63,Female,Standard,4,10
VWR3114,40,Male,Standard,9,80
VWR3115,56,Male,Basic,3,30
VWR3116,58,Female,Basic,2,120
VWR3117,60,Female,Basic,3,30
VWR3118,36,Female,Premium,2,120
VWR3119,58,Female,Standard,1,10
VWR3120,59,Male,Standard,2,90
VWR3121,48,Male,Basic,2,20
VWR3122,25,Female,Basic,2,100
VWR3123,50,Female,Premium,7,60
VWR3124,34,Male,Standard,8,70
VWR3125,18,Male,Standard,2,20
VWR3126,44,Female,Basic,7,60
VWR3127,49,Male,Basic,2,20
VWR3128,28,Male,Standard,3,30
VWR3129,60,Male,Basic,1,10
VWR3130,29,Male,Basic,4,10
VWR3131,35,Female,Premium,1,10
VWR3132,40,Non-Binary,Standard,3,30
VWR3133,35,Male,Standard,2,20
VWR3134,46,Female,Basic,4,10
VWR3135,63,Male,Basic,2,20
VWR3136,38,Male,Premium,5,40
VWR3137,27,Male,Standard,10,40
VWR3138,18,Female,Standard,4,10
VWR3139,62,Female,Standard,1,10
VWR3140,20,Female,Standard,3,30
VWR3141,52,Male,Basic,2,90
VWR3142,24,Female,Premium,9,80
VWR3143,39,Male,Basic,6,50
VWR3144,50,Female,Basic,2,90
VWR3145,36,Male,Standard,5,40
VWR3146,64,Female,Basic,3,30
VWR3147,23,Female,Standard,1,10
VWR3148,32,Male,Basic,9,80
VWR3149,59,Female,Basic,2,120
VWR3150,47,Female,Standard,10,40
VWR3151,24,Male,Standard,5,40
VWR3152,63,Male,Premium,6,50
VWR3153,64,Male,Standard,9,80
VWR3154,53,Male,Basic,2,100
VWR3155,41,Female,Basic,3,30
VWR3156,52,Female,Basic,7,60
VWR3157,18,Female,Standard,9,80
VWR3158,62,Male,Premium,2,20
VWR3159,52,Male,Standard,3,30
VWR3160,42,Male,Standard,6,50
VWR3161,41,Male,Basic,2,100
VWR3162,46,Male,Premium,2,90
VWR3163,22,Male,Premium,2,120
VWR3164,40,Male,Basic,1,10
VWR3165,64,Male,Standard,2,110
VWR3166,43,Male,Basic,5,40
VWR3167,49,Female,Basic,7,60
VWR3168,18,Female,Standard,7,60
VWR3169,34,Male,Basic,2,90
VWR3170,20,Male,Standard,1,10
VWR3171,25,Female,Basic,1,10
VWR3172,43,Female,Basic,10,40
VWR3173,36,Female,Standard,2,110
VWR3174,29,Female,Standard,1,10
VWR3175,35,Male,Standard,2,90
VWR3176,32,Female,Standard,2,90
VWR3177,36,Male,Premium,2,120
VWR3178,38,Female,Premium,8,70
VWR3179,42,Male,Basic,1,10
VWR3180,26,Female,Standard,9,80
VWR3181,62,Female,Basic,9,80
VWR3182,49,Male,Basic,1,10
VWR3183,26,Male,Basic,1,10
VWR3184,29,Female,Standard,3,30
VWR3185,43,Male,Basic,2,90
VWR3186,18,Male,Premium,8,70
VWR3187,20,Non-Binary,Basic,7,60
VWR3188,50,Male,Standard,2,90
VWR3189,40,Male,Basic,9,80
VWR3190,21,Male,Basic,2,120
VWR3191,57,Male,Standard,2,100
VWR3192,21,Male,Standard,1,10
VWR3193,55,Female,Standard,1,10
VWR3194,39,Male,Standard,2,90
VWR3195,22,Female,Standard,2,110
VWR3196,37,Male,Standard,10,40
VWR3197,27,Male,Basic,10,40
VWR3198,64,Female,Basic,7,60
VWR3199,23,Non-Binary,Standard,6,50
VWR3200,52,Female,Basic,3,30
VWR3201,64,Male,Basic,2,110
VWR3202,65,Male,Basic,1,10
VWR3203,30,Female,Standard,7,60
VWR3204,23,Female,Premium,1,10
VWR3205,63,Male,Basic,2,110
VWR3206,48,Female,Standard,1,10
VWR3207,19,Female,Basic,1,10
VWR3208,62,Female,Standard,1,10
VWR3209,60,Male,Standard,1,10
VWR3210,26,Male,Standard,1,10
VWR3211,61,Female,Basic,2,120
VWR3212,48,Female,Basic,4,10
VWR3213,30,Female,Basic,2,90
VWR3214,22,Female,Standard,2,90
VWR3215,64,Male,Standard,5,40
VWR3216,23,Male,Premium,2,110
VWR3217,30,Male,Basic,4,10
VWR3218,47,Female,Standard,6,50
VWR3219,54,Female,Basic,2,120
VWR3220,31,Male,Standard,2,20
VWR3221,58,Female,Standard,4,10
VWR3222,26,Non-Binary,Standard,4,10
VWR3223,34,Male,Standard,4,10
VWR3224,44,Male,Basic,2,110
VWR3225,31,Female,Basic,10,40
VWR3226,35,Female,Basic,1,10
VWR3227,28,Female,Standard,2,100
VWR3228,46,Female,Premium,1,10
VWR3229,41,Male,Basic,9,80
VWR3230,35,Male,Basic,1,10
VWR3231,33,Female,Premium,10,40
VWR3232,38,Female,Standard,5,40
VWR3233,44,Male,Standard,3,30
VWR3234,28,Male,Premium,2,110
VWR3235,63,Male,Basic,4,10
VWR3236,38,Male,Standard,2,90
VWR3237,54,Male,Standard,1,10
VWR3238,25,Male,Standard,9,80
VWR3239,26,Female,Premium,8,70
VWR3240,29,Female,Basic,6,50
VWR3241,57,Male,Standard,2,20
VWR3242,26,Male,Standard,2,100
VWR3243,18,Male,Standard,2,100
VWR3244,47,Female,Premium,2,110
VWR3245,62,Female,Standard,9,80
VWR3246,49,Female,Standard,2,100
VWR3247,41,Male,Standard,9,80
VWR3248,21,Male,Basic,6,50
VWR3249,51,Male,Basic,5,40
VWR3250,27,Female,Basic,4,10
VWR3251,27,Female,Premium,5,40
VWR3252,35,Male,Standard,6,50
VWR3253,64,Male,Standard,2,110
VWR3254,60,Male,Premium,2,90
VWR3255,51,Male,Basic,10,40
VWR3256,26,Female,Premium,1,10
VWR3257,21,Female,Standard,1,10
VWR3258,50,Female,Basic,3,30
VWR3259,52,Male,Premium,7,60
VWR3260,61,Female,Basic,2,110
VWR3261,28,Female,Standard,7,60
VWR3262,49,Female,Standard,4,10
VWR3263,42,Male,Basic,6,50
VWR3264,56,Female,Premium,5,40
VWR3265,56,Male,Standard,9,80
VWR3266,35,Female,Premium,2,110
VWR3267,30,Male,Standard,1,10
VWR3268,23,Female,Premium,7,60
VWR3269,22,Male,Basic,2,20
VWR3270,40,Female,Standard,2,110
VWR3271,63,Female,Standard,6,50
VWR3272,51,Female,Standard,1,10
VWR3273,65,Male,Basic,7,60
VWR3274,36,Male,Basic,1,10
VWR3275,50,Male,Standard,2,110
VWR3276,30,Female,Standard,8,70
VWR3277,48,Male,Basic,2,90
VWR3278,30,Male,Standard,3,30
VWR3279,43,Female,Basic,1,10
VWR3280,49,Female,Standard,2,20
VWR3281,56,Male,Premium,2,20
VWR3282,60,Male,Premium,7,60
VWR3283,53,Female,Basic,3,30
VWR3284,45,Male,Standard,6,50
VWR3285,45,Non-Binary,Standard,9,80
VWR3286,54,Female,Premium,2,20
VWR3287,55,Female,Standard,2,100
VWR3288,28,Male,Standard,5,40
VWR3289,38,Female,Basic,1,10
VWR3290,31,Male,Basic,10,40
VWR3291,22,Female,Standard,5,40
VWR3292,52,Male,Standard,2,90
VWR3293,55,Female,Standard,2,90
VWR3294,36,Male,Standard,3,30
VWR3295,47,Female,Standard,1,10
VWR3296,22,Female,Standard,2,20
VWR3297,45,Female,Standard,2,110
VWR3298,18,Male,Standard,2,90
VWR3299,29,Female,Standard,2,110
VWR3300,59,Male,Basic,4,10
VWR3301,65,Female,Basic,5,40
VWR3302,51,Male,Basic,1,10
VWR3303,33,Male,Standard,1,10
VWR3304,18,Female,Standard,7,60
VWR3305,64,Female,Standard,3,30
VWR3306,32,Female,Standard,7,60
VWR3307,48,Female,Standard,1,10
VWR3308,25,Male,Standard,9,80
VWR3309,26,Female,Standard,2,100
VWR3310,42,Male,Standard,3,30
VWR3311,46,Female,Basic,1,10
VWR3312,27,Female,Basic,1,10
VWR3313,61,Male,Basic,1,10
VWR3314,21,Male,Standard,5,40
VWR3315,62,Female,Premium,8,70
VWR3316,57,Female,Standard,1,10
VWR3317,25,Female,Standard,9,80
VWR3318,42,Male,Standard,3,30
VWR3319,43,Female,Standard,2,110
VWR3320,57,Female,Standard,1,10
VWR3321,30,Male,Basic,8,70
VWR3322,63,Male,Basic,1,10
VWR3323,36,Non-Binary,Premium,8,70
VWR3324,30,Female,Standard,2,100
VWR3325,29,Male,Basic,10,40
VWR3326,34,Male,Standard,1,10
VWR3327,19,Male,Basic,1,10
VWR3328,44,Male,Basic,5,40
VWR3329,58,Female,Basic,3,30
VWR3330,20,Female,Basic,10,40
VWR3331,63,Female,Basic,1,10
VWR3332,50,Male,Standard,1,10
VWR3333,63,Male,Basic,4,10
VWR3334,39,Female,Premium,3,30
VWR3335,31,Male,Basic,9,80
VWR3336,31,Male,Premium,3,30
VWR3337,24,Male,Standard,4,10
VWR3338,34,Male,Premium,4,10
VWR3339,44,Non-Binary,Standard,6,50
VWR3340,27,Male,Basic,2,90
VWR3341,49,Female,Premium,10,40
VWR3342,27,Female,Basic,2,100
VWR3343,34,Female,Standard,2,100
VWR3344,64,Female,Basic,1,10
VWR3345,20,Female,Standard,1,10
VWR3346,19,Female,Standard,5,40
VWR3347,60,Female,Standard,1,10
VWR3348,19,Female,Basic,2,120
VWR3349,49,Female,Standard,2,90
VWR3350,64,Male,Standard,5,40
VWR3351,33,Male,Standard,6,50
VWR3352,31,Male,Standard,5,40
VWR3353,30,Female,Basic,8,70
VWR3354,64,Male,Basic,1,10
VWR3355,55,Male,Standard,8,70
VWR3356,64,Male,Premium,3,30
VWR3357,52,Non-Binary,Basic,8,70
VWR3358,32,Male,Premium,5,40
VWR3359,52,Female,Standard,1,10
VWR3360,61,Male,Standard,1,10
VWR3361,34,Female,Standard,1,10
VWR3362,33,Female,Standard,2,20
VWR3363,59,Male,Standard,4,10
VWR3364,26,Female,Standard,1,10
VWR3365,54,Male,Standard,1,10
VWR3366,34,Female,Premium,6,50
VWR3367,63,Male,Premium,9,80
VWR3368,23,Male,Basic,8,70
VWR3369,31,Female,Standard,4,10
VWR3370,57,Male,Premium,1,10
VWR3371,57,Female,Premium,4,10
VWR3372,55,Non-Binary,Standard,1,10
VWR3373,45,Female,Standard,1,10
VWR3374,59,Male,Standard,2,100
VWR3375,45,Female,Premium,2,110
VWR3376,48,Male,Premium,3,30
VWR3377,52,Female,Basic,5,40
VWR3378,45,Female,Premium,9,80
VWR3379,19,Male,Standard,5,40
VWR3380,58,Male,Premium,9,80
VWR3381,28,Male,Standard,1,10
VWR3382,18,Female,Standard,2,120
VWR3383,23,Non-Binary,Premium,2,110
VWR3384,53,Female,Standard,2,90
VWR3385,52,Non-Binary,Basic,9,80
VWR3386,33,Female,Standard,2,120
VWR3387,38,Male,Standard,1,10
VWR3388,45,Male,Standard,3,30
VWR3389,36,Male,Premium,3,30
VWR3390,41,Non-Binary,Standard,9,80
VWR3391,63,Non-Binary,Basic,2,20
VWR3392,24,Female,Standard,7,60
VWR3393,55,Male,Basic,2,120
VWR3394,55,Non-Binary,Premium,8,70
VWR3395,40,Female,Standard,8,70
VWR3396,37,Female,Basic,2,20
VWR3397,41,Female,Basic,9,80
VWR3398,34,Male,Standard,4,10
VWR3399,46,Female,Premium,1,10
VWR3400,21,Female,Standard,2,110
VWR3401,55,Male,Basic,7,60
VWR3402,27,Male,Basic,6,50
VWR3403,43,Female,Basic,5,40
VWR3404,19,Male,Standard,2,120
VWR3405,28,Male,Basic,2,90
VWR3406,25,Female,Basic,4,10
VWR3407,20,Male,Premium,1,10
VWR3408,19,Non-Binary,Premium,5,40
VWR3409,42,Female,Standard,7,60
VWR3410,46,Male,Standard,2,120
VWR3411,58,Male,Basic,7,60
VWR3412,49,Female,Standard,7,60
VWR3413,35,Male,Premium,7,60
VWR3414,41,Female,Standard,10,40
VWR3415,34,Male,Standard,9,80
VWR3416,31,Male,Basic,9,80
VWR3417,32,Male,Standard,9,80
VWR3418,53,Non-Binary,Standard,2,110
VWR3419,30,Female,Premium,2,120
VWR3420,36,Female,Premium,3,30
VWR3421,40,Female,Premium,5,40
VWR3422,44,Female,Basic,4,10
VWR3423,37,Female,Basic,10,40
VWR3424,60,Female,Standard,1,10
VWR3425,18,Female,Premium,3,30
VWR3426,59,Male,Premium,2,90
VWR3427,60,Female,Basic,4,10
VWR3428,56,Female,Premium,2,110
VWR3429,19,Female,Standard,1,10
VWR3430,41,Non-Binary,Basic,2,20
VWR3431,35,Male,Basic,1,10
VWR3432,21,Male,Basic,8,70
VWR3433,56,Female,Standard,9,80
VWR3434,46,Male,Standard,6,50
VWR3435,55,Male,Standard,9,80
VWR3436,60,Female,Standard,9,80
VWR3437,22,Male,Basic,2,20
VWR3438,25,Male,Standard,10,40
VWR3439,58,Male,Premium,5,40
VWR3440,29,Non-Binary,Basic,1,10
VWR3441,22,Male,Standard,2,90
VWR3442,32,Female,Standard,2,90
VWR3443,39,Male,Standard,8,70
VWR3444,24,Male,Basic,6,50
VWR3445,35,Non-Binary,Basic,2,20
VWR3446,34,Male,Standard,2,110
VWR3447,29,Female,Basic,5,40
VWR3448,51,Male,Basic,6,50
VWR3449,63,Female,Basic,1,10
VWR3450,34,Female,Standard,2,20
VWR3451,56,Female,Standard,1,10
VWR3452,38,Male,Standard,4,10
VWR3453,37,Male,Standard,9,80
VWR3454,32,Female,Standard,7,60
VWR3455,44,Male,Basic,9,80
VWR3456,44,Male,Basic,8,70
VWR3457,26,Female,Standard,2,20
VWR3458,41,Non-Binary,Standard,8,70
VWR3459,65,Male,Standard,7,60
VWR3460,29,Female,Basic,9,80
VWR3461,50,Non-Binary,Standard,2,20
VWR3462,55,Female,Basic,2,20
VWR3463,23,Female,Standard,4,10
VWR3464,33,Female,Standard,1,10
VWR3465,45,Female,Premium,10,40
VWR3466,63,Male,Standard,2,20
VWR3467,27,Female,Basic,4,10
VWR3468,64,Male,Basic,5,40
VWR3469,29,Non-Binary,Basic,7,60
VWR3470,51,Female,Standard,7,60
VWR3471,50,Male,Premium,1,10
VWR3472,59,Male,Basic,5,40
VWR3473,33,Male,Standard,4,10
VWR3474,27,Female,Standard,8,70
VWR3475,34,Male,Standard,2,90
VWR3476,47,Male,Standard,2,110
VWR3477,39,Male,Basic,1,10
VWR3478,30,Female,Standard,2,100
VWR3479,59,Male,Standard,6,50
VWR3480,32,Female,Basic,4,10
VWR3481,59,Female,Standard,1,10
VWR3482,48,Male,Standard,4,10
VWR3483,27,Female,Basic,2,110
VWR3484,47,Female,Standard,5,40
VWR3485,39,Female,Premium,7,60
VWR3486,50,Male,Standard,2,90
VWR3487,23,Female,Standard,5,40
VWR3488,57,Male,Basic,3,30
VWR3489,43,Female,Basic,4,10
VWR3490,61,Male,Standard,2,90
VWR3491,19,Male,Standard,1,10
VWR3492,49,Male,Standard,5,40
VWR3493,65,Female,Standard,2,120
VWR3494,21,Male,Basic,2,90
VWR3495,29,Male,Standard,1,10
VWR3496,33,Female,Standard,2,120
VWR3497,31,Female,Basic,1,10
VWR3498,28,Female,Standard,2,20
VWR3499,43,Male,Standard,3,30
VWR3500,18,Female,Standard,1,10
VWR3501,61,Female,Standard,2,110
VWR3502,52,Female,Basic,2,20
VWR3503,52,Female,Basic,7,60
VWR3504,53,Female,Standard,9,80
VWR3505,38,Male,Basic,1,10
VWR3506,52,Male,Basic,2,20
VWR3507,52,Female,Basic,1,10
VWR3508,29,Male,Standard,7,60
VWR3509,64,Male,Standard,1,10
VWR3510,64,Female,Standard,2,20
VWR3511,33,Female,Standard,2,20
VWR3512,59,Female,Standard,5,40
VWR3513,56,Male,Standard,2,110
VWR3514,37,Female,Standard,4,10
VWR3515,20,Male,Basic,1,10
VWR3516,21,Non-Binary,Premium,2,20
VWR3517,45,Male,Standard,3,30
VWR3518,19,Female,Standard,9,80
VWR3519,38,Male,Basic,8,70
VWR3520,41,Male,Basic,1,10
VWR3521,23,Female,Standard,7,60
VWR3522,41,Male,Standard,2,100
VWR3523,40,Male,Premium,4,10
VWR3524,47,Male,Basic,4,10
VWR3525,62,Female,Standard,2,20
VWR3526,45,Male,Standard,2,90
VWR3527,65,Male,Premium,1,10
VWR3528,46,Female,Premium,9,80
VWR3529,31,Male,Basic,2,110
VWR3530,51,Female,Basic,8,70
VWR3531,28,Female,Basic,10,40
VWR3532,63,Female,Basic,5,40
VWR3533,37,Male,Standard,2,20
VWR3534,45,Male,Basic,2,110
VWR3535,22,Female,Standard,2,20
VWR3536,37,Male,Standard,1,10
VWR3537,50,Male,Standard,2,100
VWR3538,65,Male,Premium,10,40
VWR3539,19,Female,Standard,2,110
VWR3540,42,Female,Premium,2,120
VWR3541,31,Male,Standard,9,80
VWR3542,18,Male,Standard,10,40
VWR3543,56,Female,Basic,3,30
VWR3544,62,Female,Standard,6,50
VWR3545,29,Female,Basic,4,10
VWR3546,56,Male,Standard,10,40
VWR3547,21,Male,Standard,3,30
VWR3548,34,Male,Standard,2,20
VWR3549,55,Male,Standard,5,40
VWR3550,50,Male,Standard,1,10
VWR3551,19,Male,Basic,3,30
VWR3552,43,Female,Premium,6,50
VWR3553,61,Male,Standard,3,30
VWR3554,64,Female,Basic,7,60
VWR3555,36,Female,Standard,4,10
VWR3556,38,Male,Premium,4,10
VWR3557,25,Male,Standard,1,10
VWR3558,44,Male,Standard,2,100
VWR3559,52,Female,Premium,4,10
VWR3560,18,Male,Standard,9,80
VWR3561,61,Female,Premium,5,40
VWR3562,24,Non-Binary,Basic,2,90
VWR3563,56,Male,Premium,1,10
VWR3564,46,Female,Standard,8,70
VWR3565,24,Male,Basic,7,60
VWR3566,53,Female,Basic,2,110
VWR3567,31,Female,Standard,8,70
VWR3568,55,Female,Basic,4,10
VWR3569,28,Female,Basic,4,10
VWR3570,49,Male,Premium,2,20
VWR3571,25,Male,Premium,2,90
VWR3572,44,Female,Premium,6,50
VWR3573,57,Female,Basic,2,110
VWR3574,20,Male,Standard,4,10
VWR3575,48,Female,Standard,1,10
VWR3576,41,Female,Basic,6,50
VWR3577,33,Female,Premium,2,110
VWR3578,25,Male,Premium,4,10
VWR3579,31,Female,Basic,10,40
VWR3580,39,Male,Premium,9,80
VWR3581,56,Female,Basic,1,10
VWR3582,22,Female,Premium,4,10
VWR3583,34,Female,Premium,9,80
VWR3584,24,Female,Premium,9,80
VWR3585,43,Female,Basic,6,50
VWR3586,32,Female,Basic,4,10
VWR3587,64,Female,Basic,2,90
VWR3588,42,Male,Basic,2,100
VWR3589,56,Male,Standard,2,110
VWR3590,20,Female,Standard,2,120
VWR3591,41,Female,Standard,5,40
VWR3592,58,Male,Standard,3,30
VWR3593,65,Female,Premium,4,10
VWR3594,47,Female,Standard,6,50
VWR3595,59,Non-Binary,Premium,1,10
VWR3596,22,Male,Basic,2,120
VWR3597,48,Male,Standard,10,40
VWR3598,62,Male,Standard,1,10
VWR3599,18,Female,Basic,2,100
VWR3600,28,Female,Standard,1,10
VWR3601,24,Female,Standard,10,40
VWR3602,64,Male,Premium,7,60
VWR3603,29,Female,Standard,2,90
VWR3604,24,Female,Basic,2,20
VWR3605,36,Male,Basic,7,60
VWR3606,35,Male,Premium,10,40
VWR3607,62,Male,Premium,1,10
VWR3608,18,Female,Basic,7,60
VWR3609,25,Female,Standard,2,20
VWR3610,39,Male,Basic,5,40
VWR3611,54,Male,Basic,4,10
VWR3612,52,Female,Basic,2,120
VWR3613,20,Male,Premium,1,10
VWR3614,38,Non-Binary,Standard,1,10
VWR3615,50,Female,Basic,4,10
VWR3616,60,Female,Standard,8,70
VWR3617,30,Male,Basic,1,10
VWR3618,55,Non-Binary,Basic,2,120
VWR3619,33,Female,Standard,10,40
VWR3620,56,Male,Basic,2,110
VWR3621,52,Male,Standard,2,90
VWR3622,22,Female,Standard,1,10
VWR3623,56,Female,Premium,7,60
VWR3624,37,Male,Standard,7,60
VWR3625,36,Male,Standard,8,70
VWR3626,65,Male,Standard,1,10
VWR3627,61,Female,Standard,2,100
VWR3628,34,Male,Standard,10,40
VWR3629,65,Female,Standard,9,80
VWR3630,64,Male,Standard,4,10
VWR3631,36,Male,Basic,7,60
VWR3632,42,Non-Binary,Premium,4,10
VWR3633,39,Male,Basic,4,10
VWR3634,54,Female,Basic,2,20
VWR3635,53,Female,Premium,7,60
VWR3636,41,Female,Premium,7,60
VWR3637,58,Female,Basic,9,80
VWR3638,45,Male,Basic,2,120
VWR3639,48,Male,Basic,4,10
VWR3640,53,Female,Basic,3,30
VWR3641,55,Male,Basic,7,60
VWR3642,47,Male,Basic,3,30
VWR3643,59,Male,Standard,2,120
VWR3644,45,Male,Standard,10,40
VWR3645,47,Male,Standard,4,10
VWR3646,59,Male,Premium,3,30
VWR3647,55,Male,Premium,8,70
VWR3648,23,Male,Premium,4,10
VWR3649,34,Female,Premium,2,120
VWR3650,46,Male,Standard,9,80
VWR3651,44,Male,Basic,8,70
VWR3652,22,Female,Standard,5,40
VWR3653,61,Male,Standard,10,40
VWR3654,64,Female,Basic,2,120
VWR3655,41,Female,Standard,6,50
VWR3656,38,Male,Premium,2,120
VWR3657,38,Female,Basic,9,80
VWR3658,44,Female,Standard,2,110
VWR3659,49,Male,Basic,10,40
VWR3660,65,Female,Premium,8,70
VWR3661,45,Male,Premium,7,60
VWR3662,28,Female,Premium,4,10
VWR3663,20,Female,Basic,1,10
VWR3664,61,Female,Standard,10,40
VWR3665,49,Male,Basic,9,80
VWR3666,50,Non-Binary,Basic,2,100
VWR3667,51,Female,Standard,2,90
VWR3668,44,Female,Premium,7,60
VWR3669,30,Male,Standard,5,40
VWR3670,23,Male,Basic,1,10
VWR3671,46,Female,Standard,7,60
VWR3672,59,Male,Standard,2,120
VWR3673,50,Female,Basic,5,40
VWR3674,63,Female,Standard,8,70
VWR3675,21,Female,Standard,2,110
VWR3676,30,Female,Basic,2,20
VWR3677,31,Female,Basic,2,100
VWR3678,56,Male,Standard,3,30
VWR3679,52,Male,Premium,2,20
VWR3680,41,Male,Standard,1,10
VWR3681,65,Female,Standard,3,30
VWR3682,46,Male,Premium,2,20
VWR3683,45,Male,Standard,3,30
VWR3684,33,Non-Binary,Standard,1,10
VWR3685,50,Female,Premium,2,20
VWR3686,56,Female,Standard,9,80
VWR3687,41,Female,Standard,7,60
VWR3688,36,Female,Standard,5,40
VWR3689,40,Female,Standard,1,10
VWR3690,34,Female,Premium,3,30
VWR3691,33,Female,Standard,10,40
VWR3692,36,Male,Premium,4,10
VWR3693,48,Male,Standard,1,10
VWR3694,40,Male,Basic,2,110
VWR3695,31,Female,Basic,2,110
VWR3696,21,Female,Standard,4,10
VWR3697,35,Female,Standard,1,10
VWR3698,64,Female,Basic,2,100
VWR3699,39,Male,Premium,2,100
VWR3700,59,Female,Standard,7,60
VWR3701,30,Female,Basic,2,90
VWR3702,58,Female,Premium,2,20
VWR3703,20,Male,Basic,7,60
VWR3704,65,Male,Basic,10,40
VWR3705,55,Non-Binary,Standard,2,100
VWR3706,22,Male,Standard,8,70
VWR3707,54,Female,Standard,4,10
VWR3708,23,Female,Standard,2,20
VWR3709,65,Non-Binary,Standard,2,90
VWR3710,22,Male,Basic,2,110
VWR3711,50,Female,Standard,2,20
VWR3712,60,Male,Standard,3,30
VWR3713,44,Male,Standard,6,50
VWR3714,42,Female,Basic,7,60
VWR3715,65,Male,Basic,4,10
VWR3716,55,Male,Standard,2,120
VWR3717,35,Female,Standard,4,10
VWR3718,18,Female,Standard,6,50
VWR3719,45,Female,Premium,1,10
VWR3720,61,Male,Standard,2,110
VWR3721,27,Male,Basic,1,10
VWR3722,23,Female,Standard,1,10
VWR3723,46,Female,Basic,2,100
VWR3724,23,Male,Standard,4,10
VWR3725,28,Male,Basic,3,30
VWR3726,18,Male,Standard,2,90
VWR3727,65,Female,Basic,2,20
VWR3728,50,Female,Basic,6,50
VWR3729,52,Female,Standard,2,20
VWR3730,44,Male,Premium,7,60
VWR3731,48,Male,Basic,8,70
VWR3732,41,Male,Standard,10,40
VWR3733,40,Female,Basic,1,10
VWR3734,44,Female,Standard,9,80
VWR3735,31,Non-Binary,Premium,1,10
VWR3736,41,Female,Standard,7,60
VWR3737,56,Male,Premium,3,30
VWR3738,21,Female,Standard,7,60
VWR3739,61,Female,Basic,6,50
VWR3740,53,Non-Binary,Basic,1,10
VWR3741,25,Male,Basic,7,60
VWR3742,31,Female,Premium,4,10
VWR3743,32,Male,Standard,1,10
VWR3744,53,Female,Standard,4,10
VWR3745,30,Non-Binary,Basic,6,50
VWR3746,30,Male,Standard,2,110
VWR3747,29,Male,Basic,10,40
VWR3748,41,Female,Standard,5,40
VWR3749,55,Female,Basic,2,20
VWR3750,38,Male,Premium,1,10
VWR3751,36,Female,Basic,2,20
VWR3752,59,Male,Basic,2,100
VWR3753,22,Male,Basic,1,10
VWR3754,37,Male,Standard,1,10
VWR3755,60,Female,Premium,4,10
VWR3756,65,Male,Standard,4,10
VWR3757,38,Male,Standard,2,100
VWR3758,33,Female,Basic,6,50
VWR3759,37,Male,Standard,10,40
VWR3760,56,Female,Basic,10,40
VWR3761,56,Male,Basic,9,80
VWR3762,57,Female,Premium,2,20
VWR3763,24,Female,Standard,1,10
VWR3764,42,Female,Basic,10,40
VWR3765,62,Female,Standard,1,10
VWR3766,34,Male,Standard,1,10
VWR3767,44,Female,Premium,2,90
VWR3768,23,Female,Standard,1,10
VWR3769,43,Male,Standard,9,80
VWR3770,54,Female,Premium,8,70
VWR3771,30,Female,Standard,1,10
VWR3772,63,Male,Basic,7,60
VWR3773,26,Female,Standard,2,90
VWR3774,58,Male,Basic,9,80
VWR3775,58,Male,Standard,1,10
VWR3776,19,Male,Standard,1,10
VWR3777,35,Female,Standard,3,30
VWR3778,34,Female,Standard,6,50
VWR3779,27,Female,Basic,9,80
VWR3780,39,Female,Standard,2,20
VWR3781,59,Male,Premium,9,80
VWR3782,51,Male,Premium,9,80
VWR3783,53,Male,Standard,1,10
VWR3784,34,Male,Standard,8,70
VWR3785,48,Male,Premium,8,70
VWR3786,39,Male,Standard,2,120
VWR3787,58,Female,Standard,2,20
VWR3788,45,Male,Standard,3,30
VWR3789,42,Male,Premium,2,20
VWR3790,32,Female,Standard,2,90
VWR3791,50,Male,Premium,3,30
VWR3792,57,Female,Basic,2,120
VWR3793,44,Female,Premium,2,20
VWR3794,55,Male,Basic,1,10
VWR3795,64,Female,Standard,1,10
VWR3796,35,Female,Standard,1,10
VWR3797,46,Female,Basic,5,40
VWR3798,18,Male,Basic,4,10
VWR3799,51,Female,Premium,2,100
VWR3800,53,Male,Standard,2,90
VWR3801,55,Female,Basic,2,20
VWR3802,54,Female,Premium,3,30
VWR3803,26,Female,Standard,2,110
VWR3804,65,Male,Basic,9,80
VWR3805,54,Male,Basic,1,10
VWR3806,43,Female,Premium,5,40
VWR3807,51,Male,Standard,2,120
VWR3808,44,Female,Basic,6,50
VWR3809,27,Female,Basic,5,40
VWR3810,60,Female,Basic,7,60
VWR3811,51,Female,Standard,9,80
VWR3812,25,Female,Basic,9,80
VWR3813,45,Female,Standard,2,20
VWR3814,61,Non-Binary,Standard,2,100
VWR3815,58,Female,Basic,9,80
VWR3816,35,Male,Standard,10,40
VWR3817,35,Female,Standard,3,30
VWR3818,48,Male,Basic,8,70
VWR3819,23,Female,Basic,2,90
VWR3820,56,Female,Premium,2,100
VWR3821,49,Male,Standard,6,50
VWR3822,23,Non-Binary,Basic,10,40
VWR3823,51,Male,Premium,5,40
VWR3824,45,Male,Standard,9,80
VWR3825,59,Male,Standard,8,70
VWR3826,34,Male,Basic,3,30
VWR3827,22,Female,Standard,2,100
VWR3828,57,Male,Standard,2,20
VWR3829,21,Female,Basic,2,20
VWR3830,29,Male,Basic,6,50
VWR3831,20,Male,Standard,7,60
VWR3832,59,Female,Basic,4,10
VWR3833,51,Male,Standard,2,90
VWR3834,37,Female,Standard,6,50
VWR3835,44,Female,Standard,3,30
VWR3836,34,Male,Standard,3,30
VWR3837,58,Female,Premium,10,40
VWR3838,30,Female,Standard,2,90
VWR3839,39,Female,Standard,1,10
VWR3840,43,Male,Standard,2,120
VWR3841,40,Male,Basic,1,10
VWR3842,40,Male,Basic,9,80
VWR3843,45,Female,Basic,2,120
VWR3844,43,Female,Basic,6,50
VWR3845,58,Male,Basic,1,10
VWR3846,37,Female,Basic,9,80
VWR3847,27,Female,Premium,4,10
VWR3848,65,Female,Standard,2,110
VWR3849,41,Female,Basic,7,60
VWR3850,40,Non-Binary,Standard,1,10
VWR3851,59,Female,Basic,8,70
VWR3852,61,Female,Basic,2,20
VWR3853,23,Female,Standard,2,90
VWR3854,56,Male,Standard,2,90
VWR3855,36,Female,Basic,3,30
VWR3856,19,Female,Premium,4,10
VWR3857,54,Female,Premium,1,10
VWR3858,22,Male,Standard,4,10
VWR3859,54,Female,Basic,1,10
VWR3860,37,Female,Basic,1,10
VWR3861,45,Female,Standard,2,20
VWR3862,61,Female,Standard,1,10
VWR3863,60,Female,Basic,5,40
VWR3864,42,Female,Standard,2,100
VWR3865,19,Male,Basic,1,10
VWR3866,59,Female,Basic,4,10
VWR3867,32,Non-Binary,Standard,8,70
VWR3868,49,Male,Premium,3,30
VWR3869,29,Non-Binary,Standard,7,60
VWR3870,35,Female,Premium,8,70
VWR3871,43,Non-Binary,Standard,1,10
VWR3872,40,Male,Standard,2,20
VWR3873,21,Female,Basic,3,30
VWR3874,59,Male,Standard,10,40
VWR3875,57,Non-Binary,Basic,2,100
VWR3876,60,Male,Standard,1,10
VWR3877,40,Non-Binary,Standard,1,10
VWR3878,43,Male,Basic,3,30
VWR3879,37,Male,Standard,2,110
VWR3880,41,Male,Standard,9,80
VWR3881,27,Female,Premium,2,90
VWR3882,61,Female,Standard,2,20
VWR3883,49,Female,Basic,8,70
VWR3884,50,Male,Standard,3,30
VWR3885,51,Female,Basic,1,10
VWR3886,30,Male,Basic,5,40
VWR3887,59,Female,Standard,6,50
VWR3888,19,Male,Basic,2,100
VWR3889,46,Female,Basic,7,60
VWR3890,49,Female,Standard,6,50
VWR3891,62,Male,Basic,7,60
VWR3892,63,Male,Basic,4,10
VWR3893,63,Male,Premium,1,10
VWR3894,20,Male,Basic,2,110
VWR3895,42,Male,Basic,4,10
VWR3896,60,Female,Standard,2,20
VWR3897,42,Male,Standard,2,20
VWR3898,49,Female,Standard,2,20
VWR3899,51,Male,Standard,1,10
VWR3900,25,Female,Standard,2,90
VWR3901,33,Female,Standard,7,60
VWR3902,45,Male,Standard,9,80
VWR3903,45,Female,Basic,2,90
VWR3904,40,Female,Standard,9,80
VWR3905,21,Male,Basic,1,10
VWR3906,35,Female,Premium,4,10
VWR3907,24,Female,Standard,2,100
VWR3908,30,Male,Standard,1,10
VWR3909,28,Female,Basic,8,70
VWR3910,45,Male,Standard,4,10
VWR3911,63,Female,Standard,2,110
VWR3912,62,Male,Premium,2,20
VWR3913,60,Male,Basic,1,10
VWR3914,64,Male,Standard,3,30
VWR3915,41,Female,Basic,4,10
VWR3916,50,Male,Premium,8,70
VWR3917,60,Male,Premium,1,10
VWR3918,55,Non-Binary,Standard,3,30
VWR3919,27,Female,Premium,7,60
VWR3920,45,Female,Basic,3,30
VWR3921,61,Male,Basic,7,60
VWR3922,22,Male,Standard,7,60
VWR3923,42,Male,Basic,2,90
VWR3924,59,Female,Premium,3,30
VWR3925,39,Female,Premium,1,10
VWR3926,46,Non-Binary,Standard,2,100
VWR3927,62,Male,Standard,2,100
VWR3928,35,Male,Basic,7,60
VWR3929,62,Female,Premium,3,30
VWR3930,39,Male,Standard,9,80
VWR3931,50,Non-Binary,Standard,3,30
VWR3932,31,Female,Standard,1,10
VWR3933,62,Female,Standard,4,10
VWR3934,45,Female,Standard,10,40
VWR3935,35,Female,Premium,4,10
VWR3936,28,Male,Basic,2,90
VWR3937,33,Male,Basic,5,40
VWR3938,24,Male,Standard,10,40
VWR3939,42,Male,Basic,4,10
VWR3940,43,Female,Standard,3,30
VWR3941,64,Female,Premium,3,30
VWR3942,48,Male,Premium,5,40
VWR3943,42,Male,Standard,2,110
VWR3944,44,Female,Standard,1,10
VWR3945,44,Male,Basic,1,10
VWR3946,36,Female,Premium,1,10
VWR3947,60,Male,Standard,2,20
VWR3948,32,Male,Premium,7,60
VWR3949,42,Female,Standard,5,40
VWR3950,34,Female,Standard,7,60
VWR3951,57,Male,Basic,1,10
VWR3952,61,Female,Standard,6,50
VWR3953,34,Female,Standard,1,10
VWR3954,64,Female,Standard,10,40
VWR3955,37,Male,Premium,1,10
VWR3956,63,Non-Binary,Standard,10,40
VWR3957,53,Male,Premium,1,10
VWR3958,24,Male,Premium,4,10
VWR3959,43,Male,Basic,1,10
VWR3960,39,Female,Basic,2,20
VWR3961,64,Male,Premium,2,110
VWR3962,43,Female,Basic,10,40
VWR3963,54,Female,Standard,1,10
VWR3964,50,Male,Standard,4,10
VWR3965,27,Female,Premium,3,30
VWR3966,52,Male,Standard,2,100
VWR3967,58,Male,Standard,2,120
VWR3968,23,Female,Basic,2,100
VWR3969,31,Female,Standard,2,120
VWR3970,28,Female,Basic,1,10
VWR3971,23,Male,Standard,9,80
VWR3972,54,Male,Standard,1,10
VWR3973,63,Female,Standard,5,40
VWR3974,39,Female,Premium,9,80
VWR3975,49,Female,Basic,3,30
VWR3976,19,Male,Basic,3,30
VWR3977,21,Female,Basic,3,30
VWR3978,62,Male,Basic,1,10
VWR3979,34,Female,Basic,10,40
VWR3980,53,Female,Basic,5,40
VWR3981,34,Male,Standard,2,120
VWR3982,43,Male,Premium,7,60
VWR3983,18,Male,Basic,2,20
VWR3984,63,Male,Standard,2,120
VWR3985,23,Female,Standard,8,70
VWR3986,32,Male,Standard,2,90
VWR3987,39,Female,Premium,2,110
VWR3988,34,Non-Binary,Basic,9,80
VWR3989,37,Female,Premium,7,60
VWR3990,55,Male,Premium,8,70
VWR3991,25,Female,Premium,2,90
VWR3992,36,Male,Basic,2,100
VWR3993,55,Female,Standard,4,10
VWR3994,37,Female,Standard,4,10
VWR3995,24,Male,Premium,1,10
VWR3996,43,Male,Standard,4,10
VWR3997,44,Male,Basic,2,100
VWR3998,47,Male,Standard,4,10
VWR3999,36,Female,Basic,4,10
VWR4000,19,Female,Standard,10,40
VWR4001,34,Non-Binary,Standard,4,10
VWR4002,65,Male,Premium,8,70
VWR4003,64,Female,Premium,2,120
VWR4004,63,Female,Basic,10,40
VWR4005,44,Female,Standard,3,30
VWR4006,46,Female,Premium,4,10
VWR4007,47,Male,Standard,2,100
VWR4008,44,Male,Basic,4,10
VWR4009,29,Female,Premium,3,30
VWR4010,22,Female,Basic,9,80
VWR4011,33,Non-Binary,Basic,10,40
VWR4012,44,Male,Standard,4,10
VWR4013,52,Non-Binary,Standard,1,10
VWR4014,30,Male,Basic,1,10
VWR4015,33,Male,Basic,10,40
VWR4016,32,Male,Standard,4,10
VWR4017,63,Female,Premium,7,60
VWR4018,42,Female,Premium,10,40
VWR4019,61,Female,Standard,6,50
VWR4020,30,Male,Standard,2,90
VWR4021,56,Male,Basic,2,90
VWR4022,63,Female,Basic,2,110
VWR4023,34,Female,Premium,2,100
VWR4024,48,Female,Basic,2,120
VWR4025,55,Female,Standard,1,10
VWR4026,18,Male,Standard,3,30
VWR4027,27,Female,Basic,10,40
VWR4028,44,Female,Basic,2,110
VWR4029,39,Female,Standard,1,10
VWR4030,45,Female,Standard,8,70
VWR4031,19,Female,Basic,2,110
VWR4032,26,Male,Basic,6,50
VWR4033,48,Male,Premium,1,10
VWR4034,63,Female,Standard,4,10
VWR4035,31,Non-Binary,Standard,10,40
VWR4036,52,Female,Standard,5,40
VWR4037,28,Female,Standard,7,60
VWR4038,34,Female,Premium,2,20
VWR4039,44,Male,Premium,4,10
VWR4040,60,Female,Basic,3,30
VWR4041,18,Male,Standard,1,10
VWR4042,50,Male,Basic,4,10
VWR4043,29,Female,Basic,2,20
VWR4044,27,Female,Basic,5,40
VWR4045,63,Female,Basic,1,10
VWR4046,49,Male,Standard,6,50
VWR4047,35,Female,Standard,2,110
VWR4048,62,Male,Premium,5,40
VWR4049,26,Female,Basic,2,110
VWR4050,24,Male,Standard,6,50
VWR4051,46,Male,Basic,5,40
VWR4052,64,Male,Standard,1,10
VWR4053,39,Male,Standard,9,80
VWR4054,30,Male,Standard,9,80
VWR4055,27,Female,Standard,2,110
VWR4056,63,Female,Standard,2,120
VWR4057,34,Male,Premium,7,60
VWR4058,26,Male,Basic,1,10
VWR4059,52,Male,Standard,6,50
VWR4060,47,Male,Standard,4,10
VWR4061,54,Male,Standard,6,50
VWR4062,48,Female,Basic,8,70
VWR4063,22,Female,Basic,1,10
VWR4064,27,Female,Standard,8,70
VWR4065,32,Female,Premium,1,10
VWR4066,35,Female,Premium,2,20
VWR4067,55,Male,Basic,7,60
VWR4068,39,Female,Premium,9,80
VWR4069,38,Female,Basic,9,80
VWR4070,56,Female,Basic,8,70
VWR4071,19,Female,Standard,4,10
VWR4072,47,Male,Premium,8,70
VWR4073,37,Female,Basic,10,40
VWR4074,33,Female,Basic,7,60
VWR4075,56,Male,Premium,1,10
VWR4076,29,Male,Standard,2,20
VWR4077,48,Female,Basic,10,40
VWR4078,45,Female,Standard,9,80
VWR4079,34,Male,Standard,1,10
VWR4080,39,Female,Standard,1,10
VWR4081,49,Male,Premium,3,30
VWR4082,25,Male,Standard,2,110
VWR4083,37,Male,Standard,6,50
VWR4084,20,Female,Standard,5,40
VWR4085,32,Male,Standard,4,10
VWR4086,36,Male,Standard,1,10
VWR4087,21,Female,Standard,8,70
VWR4088,18,Female,Standard,4,10
VWR4089,48,Male,Basic,2,90
VWR4090,42,Female,Premium,1,10
VWR4091,26,Male,Standard,8,70
VWR4092,32,Male,Standard,9,80
VWR4093,23,Female,Basic,1,10
VWR4094,21,Female,Standard,8,70
VWR4095,33,Male,Standard,1,10
VWR4096,29,Female,Standard,7,60
VWR4097,34,Female,Premium,9,80
VWR4098,18,Female,Standard,2,20
VWR4099,57,Female,Basic,1,10
VWR4100,65,Male,Premium,2,120
VWR4101,54,Female,Basic,1,10
VWR4102,59,Female,Standard,7,60
VWR4103,62,Female,Standard,5,40
VWR4104,40,Male,Standard,9,80
VWR4105,28,Male,Premium,7,60
VWR4106,47,Female,Basic,6,50
VWR4107,64,Male,Standard,2,20
VWR4108,20,Female,Standard,1,10
VWR4109,44,Male,Premium,2,110
VWR4110,46,Female,Basic,2,90
VWR4111,38,Male,Standard,6,50
VWR4112,36,Male,Basic,1,10
VWR4113,56,Male,Standard,2,110
VWR4114,45,Male,Standard,1,10
VWR4115,54,Male,Basic,8,70
VWR4116,61,Female,Standard,10,40
VWR4117,65,Female,Standard,2,90
VWR4118,62,Male,Standard,1,10
VWR4119,32,Male,Basic,4,10
VWR4120,50,Male,Basic,8,70
VWR4121,48,Male,Basic,1,10
VWR4122,61,Male,Basic,4,10
VWR4123,24,Female,Basic,2,100
VWR4124,34,Male,Standard,7,60
VWR4125,28,Male,Basic,2,110
VWR4126,22,Male,Basic,1,10
VWR4127,38,Male,Basic,8,70
VWR4128,41,Non-Binary,Basic,6,50
VWR4129,21,Female,Premium,8,70
VWR4130,35,Male,Premium,2,20
VWR4131,61,Male,Basic,7,60
VWR4132,55,Female,Standard,2,20
VWR4133,26,Male,Standard,2,20
VWR4134,49,Female,Basic,7,60
VWR4135,33,Female,Standard,1,10
VWR4136,19,Male,Standard,9,80
VWR4137,37,Female,Basic,6,50
VWR4138,22,Female,Premium,7,60
VWR4139,62,Female,Standard,1,10
VWR4140,43,Male,Basic,2,20
VWR4141,58,Female,Premium,10,40
VWR4142,45,Male,Standard,2,20
VWR4143,22,Female,Premium,8,70
VWR4144,63,Male,Basic,5,40
VWR4145,18,Male,Premium,1,10
VWR4146,27,Male,Standard,2,100
VWR4147,50,Female,Standard,5,40
VWR4148,47,Female,Basic,2,110
VWR4149,62,Non-Binary,Basic,5,40
VWR4150,20,Female,Standard,9,80
VWR4151,23,Female,Standard,1,10
VWR4152,21,Female,Standard,2,20
VWR4153,50,Female,Standard,3,30
VWR4154,31,Male,Standard,4,10
VWR4155,60,Male,Premium,9,80
VWR4156,25,Male,Standard,4,10
VWR4157,64,Male,Standard,6,50
VWR4158,44,Female,Basic,5,40
VWR4159,60,Female,Basic,2,20
VWR4160,52,Female,Standard,2,120
VWR4161,20,Male,Premium,1,10
VWR4162,28,Female,Standard,6,50
VWR4163,25,Female,Premium,10,40
VWR4164,58,Male,Basic,2,90
VWR4165,47,Female,Standard,2,20
VWR4166,19,Non-Binary,Basic,6,50
VWR4167,56,Male,Premium,7,60
VWR4168,55,Female,Standard,7,60
VWR4169,34,Male,Basic,1,10
VWR4170,44,Male,Basic,4,10
VWR4171,54,Male,Standard,2,100
VWR4172,64,Male,Standard,3,30
VWR4173,39,Female,Premium,8,70
VWR4174,37,Male,Basic,1,10
VWR4175,41,Female,Basic,5,40
VWR4176,50,Male,Standard,2,20
VWR4177,27,Male,Basic,2,120
VWR4178,45,Male,Standard,2,100
VWR4179,63,Female,Standard,2,110
VWR4180,30,Male,Standard,1,10
VWR4181,24,Female,Basic,4,10
VWR4182,36,Female,Standard,2,100
VWR4183,24,Male,Standard,1,10
VWR4184,41,Non-Binary,Basic,1,10
VWR4185,39,Male,Premium,2,20
VWR4186,65,Female,Standard,3,30
VWR4187,53,Female,Standard,4,10
VWR4188,58,Male,Standard,3,30
VWR4189,37,Male,Standard,3,30
VWR4190,36,Male,Basic,1,10
VWR4191,19,Male,Basic,5,40
VWR4192,57,Male,Premium,2,90
VWR4193,49,Female,Standard,10,40
VWR4194,54,Female,Standard,1,10
VWR4195,44,Female,Basic,2,100
VWR4196,62,Male,Basic,4,10
VWR4197,42,Male,Basic,4,10
VWR4198,38,Female,Basic,3,30
VWR4199,33,Male,Basic,1,10
VWR4200,20,Male,Standard,10,40
VWR4201,24,Male,Basic,3,30
VWR4202,65,Male,Basic,2,120
VWR4203,58,Male,Premium,9,80
VWR4204,18,Male,Standard,9,80
VWR4205,25,Female,Basic,2,120
VWR4206,51,Female,Standard,1,10
VWR4207,57,Male,Standard,3,30
VWR4208,44,Male,Basic,7,60
VWR4209,53,Female,Premium,2,100
VWR4210,27,Male,Basic,2,100
VWR4211,62,Female,Basic,10,40
VWR4212,43,Male,Basic,4,10
VWR4213,33,Male,Basic,8,70
VWR4214,22,Female,Premium,1,10
VWR4215,20,Female,Standard,9,80
VWR4216,25,Female,Standard,2,120
VWR4217,33,Female,Standard,4,10
VWR4218,34,Male,Standard,2,20
VWR4219,50,Female,Standard,1,10
VWR4220,55,Female,Standard,8,70
VWR4221,42,Non-Binary,Standard,6,50
VWR4222,37,Female,Standard,1,10
VWR4223,31,Male,Premium,4,10
VWR4224,35,Male,Standard,2,20
VWR4225,25,Non-Binary,Premium,3,30
VWR4226,24,Male,Premium,4,10
VWR4227,62,Female,Basic,2,20
VWR4228,46,Female,Standard,5,40
VWR4229,20,Female,Standard,2,110
VWR4230,35,Female,Premium,4,10
VWR4231,47,Male,Standard,9,80
VWR4232,51,Male,Basic,3,30
VWR4233,40,Female,Standard,1,10
VWR4234,27,Male,Standard,2,90
VWR4235,35,Female,Standard,3,30
VWR4236,31,Female,Premium,2,90
VWR4237,58,Female,Premium,2,120
VWR4238,18,Female,Basic,3,30
VWR4239,63,Male,Standard,4,10
VWR4240,36,Male,Premium,10,40
VWR4241,22,Male,Standard,2,100
VWR4242,46,Male,Premium,2,110
VWR4243,53,Male,Standard,6,50
VWR4244,33,Male,Premium,10,40
VWR4245,52,Female,Standard,1,10
VWR4246,28,Male,Standard,2,20
VWR4247,19,Male,Standard,2,100
VWR4248,43,Male,Basic,10,40
VWR4249,58,Female,Premium,4,10
VWR4250,50,Male,Basic,4,10
VWR4251,59,Male,Premium,1,10
VWR4252,21,Female,Standard,1,10
VWR4253,22,Male,Premium,3,30
VWR4254,32,Female,Basic,7,60
VWR4255,56,Male,Basic,9,80
VWR4256,20,Male,Basic,10,40
VWR4257,22,Male,Standard,9,80
VWR4258,21,Non-Binary,Basic,7,60
VWR4259,23,Male,Basic,1,10
VWR4260,40,Male,Standard,10,40
VWR4261,32,Male,Standard,2,90
VWR4262,64,Male,Standard,2,120
VWR4263,32,Female,Basic,2,90
VWR4264,19,Female,Standard,7,60
VWR4265,21,Male,Standard,2,20
VWR4266,29,Male,Standard,4,10
VWR4267,63,Male,Standard,2,110
VWR4268,47,Male,Premium,3,30
VWR4269,37,Female,Standard,2,120
VWR4270,50,Female,Standard,1,10
VWR4271,30,Female,Premium,9,80
VWR4272,51,Male,Basic,8,70
VWR4273,57,Male,Standard,5,40
VWR4274,53,Male,Basic,7,60
VWR4275,33,Male,Basic,6,50
VWR4276,48,Female,Standard,1,10
VWR4277,45,Male,Standard,9,80
VWR4278,48,Female,Premium,5,40
VWR4279,26,Male,Standard,3,30
VWR4280,19,Male,Premium,2,100
VWR4281,30,Female,Standard,4,10
VWR4282,43,Male,Standard,2,100
VWR4283,46,Male,Premium,6,50
VWR4284,58,Female,Standard,5,40
VWR4285,32,Female,Basic,1,10
VWR4286,48,Female,Premium,5,40
VWR4287,43,Male,Standard,6,50
VWR4288,41,Male,Standard,10,40
VWR4289,21,Male,Standard,8,70
VWR4290,21,Male,Standard,1,10
VWR4291,25,Female,Standard,7,60
VWR4292,38,Male,Standard,1,10
VWR4293,47,Male,Basic,8,70
VWR4294,58,Female,Basic,2,120
VWR4295,32,Male,Standard,1,10
VWR4296,26,Female,Basic,4,10
VWR4297,60,Non-Binary,Premium,8,70
VWR4298,61,Female,Premium,4,10
VWR4299,53,Female,Standard,6,50
VWR4300,31,Male,Basic,1,10
VWR4301,49,Female,Premium,2,20
VWR4302,58,Male,Premium,3,30
VWR4303,41,Non-Binary,Standard,8,70
VWR4304,26,Male,Basic,1,10
VWR4305,53,Male,Basic,10,40
VWR4306,51,Female,Standard,2,20
VWR4307,42,Male,Standard,2,110
VWR4308,32,Female,Basic,10,40
VWR4309,62,Female,Standard,2,20
VWR4310,38,Female,Standard,2,90
VWR4311,47,Male,Basic,1,10
VWR4312,54,Female,Standard,2,90
VWR4313,60,Male,Basic,6,50
VWR4314,52,Male,Premium,7,60
VWR4315,47,Female,Basic,7,60
VWR4316,33,Male,Basic,9,80
VWR4317,54,Male,Premium,8,70
VWR4318,38,Male,Standard,9,80
VWR4319,34,Male,Standard,7,60
VWR4320,33,Female,Standard,7,60
VWR4321,45,Female,Premium,2,120
VWR4322,22,Male,Premium,9,80
VWR4323,34,Male,Standard,2,110
VWR4324,53,Female,Basic,1,10
VWR4325,56,Female,Standard,2,100
VWR4326,58,Female,Standard,1,10
VWR4327,48,Female,Premium,1,10
VWR4328,40,Female,Standard,1,10
VWR4329,64,Male,Standard,1,10
VWR4330,25,Male,Premium,2,90
VWR4331,43,Female,Basic,10,40
VWR4332,50,Male,Standard,1,10
VWR4333,57,Male,Standard,1,10
VWR4334,49,Male,Basic,4,10
VWR4335,54,Male,Premium,3,30
VWR4336,55,Male,Basic,10,40
VWR4337,59,Female,Basic,4,10
VWR4338,61,Male,Basic,3,30
VWR4339,43,Non-Binary,Standard,5,40
VWR4340,45,Male,Standard,2,120
VWR4341,47,Female,Basic,10,40
VWR4342,53,Male,Premium,1,10
VWR4343,18,Female,Standard,2,20
VWR4344,20,Female,Standard,10,40
VWR4345,28,Female,Premium,1,10
VWR4346,50,Male,Premium,4,10
VWR4347,28,Female,Basic,8,70
VWR4348,63,Female,Basic,3,30
VWR4349,46,Male,Standard,1,10
VWR4350,52,Male,Basic,2,100
VWR4351,18,Male,Standard,3,30
VWR4352,36,Male,Standard,1,10
VWR4353,22,Male,Standard,8,70
VWR4354,62,Male,Premium,3,30
VWR4355,38,Male,Standard,4,10
VWR4356,40,Male,Standard,6,50
VWR4357,41,Female,Basic,1,10
VWR4358,37,Female,Standard,1,10
VWR4359,26,Male,Basic,6,50
VWR4360,18,Male,Basic,6,50
VWR4361,26,Male,Basic,3,30
VWR4362,51,Male,Standard,6,50
VWR4363,35,Female,Premium,1,10
VWR4364,30,Non-Binary,Basic,5,40
VWR4365,45,Female,Basic,2,20
VWR4366,19,Female,Basic,10,40
VWR4367,32,Male,Premium,2,110
VWR4368,57,Male,Standard,7,60
VWR4369,37,Male,Basic,6,50
VWR4370,41,Male,Basic,1,10
VWR4371,42,Male,Standard,10,40
VWR4372,18,Male,Standard,4,10
VWR4373,53,Male,Basic,2,100
VWR4374,49,Male,Basic,5,40
VWR4375,62,Male,Basic,10,40
VWR4376,24,Male,Basic,1,10
VWR4377,59,Female,Premium,7,60
VWR4378,63,Male,Standard,4,10
VWR4379,25,Male,Basic,7,60
VWR4380,62,Male,Basic,2,90
VWR4381,53,Female,Basic,5,40
VWR4382,30,Non-Binary,Standard,8,70
VWR4383,33,Male,Basic,5,40
VWR4384,62,Female,Basic,1,10
VWR4385,29,Female,Standard,10,40
VWR4386,56,Male,Standard,5,40
VWR4387,39,Female,Premium,1,10
VWR4388,29,Male,Standard,2,110
VWR4389,29,Male,Basic,4,10
VWR4390,35,Female,Basic,10,40
VWR4391,40,Female,Standard,2,100
VWR4392,18,Female,Standard,7,60
VWR4393,52,Male,Standard,1,10
VWR4394,37,Female,Basic,8,70
VWR4395,32,Male,Standard,4,10
VWR4396,36,Female,Standard,10,40
VWR4397,20,Male,Standard,9,80
VWR4398,46,Male,Standard,4,10
VWR4399,23,Male,Basic,4,10
VWR4400,53,Male,Standard,2,120
VWR4401,47,Male,Basic,7,60
VWR4402,38,Female,Standard,9,80
VWR4403,42,Male,Standard,1,10
VWR4404,40,Non-Binary,Standard,9,80
VWR4405,20,Female,Basic,9,80
VWR4406,29,Male,Basic,2,90
VWR4407,56,Female,Basic,2,120
VWR4408,30,Male,Standard,9,80
VWR4409,26,Female,Standard,6,50
VWR4410,55,Female,Basic,9,80
VWR4411,49,Male,Premium,5,40
VWR4412,65,Male,Premium,6,50
VWR4413,58,Female,Premium,4,10
VWR4414,26,Male,Standard,8,70
VWR4415,62,Male,Basic,9,80
VWR4416,32,Male,Standard,7,60
VWR4417,51,Female,Premium,6,50
VWR4418,41,Female,Premium,1,10
VWR4419,57,Female,Standard,4,10
VWR4420,34,Female,Premium,1,10
VWR4421,62,Male,Standard,3,30
VWR4422,18,Female,Standard,9,80
VWR4423,36,Female,Premium,3,30
VWR4424,64,Female,Basic,8,70
VWR4425,61,Female,Standard,2,110
VWR4426,37,Male,Premium,8,70
VWR4427,43,Female,Premium,1,10
VWR4428,26,Male,Standard,6,50
VWR4429,37,Female,Premium,2,90
VWR4430,24,Female,Basic,10,40
VWR4431,34,Male,Standard,7,60
VWR4432,31,Female,Standard,9,80
VWR4433,58,Female,Standard,10,40
VWR4434,56,Female,Standard,1,10
VWR4435,38,Male,Standard,2,120
VWR4436,49,Male,Standard,9,80
VWR4437,22,Male,Standard,7,60
VWR4438,31,Non-Binary,Standard,10,40
VWR4439,62,Male,Premium,3,30
VWR4440,24,Female,Premium,5,40
VWR4441,42,Male,Premium,3,30
VWR4442,30,Male,Basic,5,40
VWR4443,49,Female,Basic,4,10
VWR4444,27,Male,Standard,4,10
VWR4445,36,Male,Premium,3,30
VWR4446,56,Male,Premium,2,120
VWR4447,64,Male,Basic,2,20
VWR4448,26,Female,Standard,10,40
VWR4449,28,Male,Basic,2,90
VWR4450,39,Female,Basic,5,40
VWR4451,34,Female,Basic,3,30
VWR4452,26,Male,Standard,1,10
VWR4453,45,Female,Basic,1,10
VWR4454,33,Female,Basic,1,10
VWR4455,20,Female,Basic,2,110
VWR4456,25,Female,Basic,1,10
VWR4457,34,Female,Standard,2,100
VWR4458,48,Female,Basic,4,10
VWR4459,53,Female,Premium,1,10
VWR4460,58,Male,Standard,4,10
VWR4461,18,Female,Basic,7,60
VWR4462,24,Female,Basic,2,110
VWR4463,52,Female,Standard,1,10
VWR4464,41,Male,Basic,5,40
VWR4465,40,Male,Basic,4,10
VWR4466,38,Female,Basic,2,100
VWR4467,44,Male,Basic,2,90
VWR4468,49,Female,Standard,1,10
VWR4469,37,Female,Basic,7,60
VWR4470,49,Male,Premium,5,40
VWR4471,56,Male,Standard,4,10
VWR4472,51,Male,Standard,2,20
VWR4473,42,Female,Premium,2,120
VWR4474,45,Female,Standard,8,70
VWR4475,61,Male,Basic,1,10
VWR4476,61,Male,Basic,2,100
VWR4477,20,Male,Premium,7,60
VWR4478,64,Male,Basic,3,30
VWR4479,20,Male,Standard,1,10
VWR4480,57,Male,Standard,2,100
VWR4481,28,Female,Standard,3,30
VWR4482,53,Female,Standard,6,50
VWR4483,32,Female,Standard,7,60
VWR4484,65,Female,Standard,8,70
VWR4485,27,Male,Premium,2,120
VWR4486,23,Male,Premium,2,110
VWR4487,21,Female,Basic,1,10
VWR4488,32,Female,Standard,1,10
VWR4489,21,Male,Standard,2,110
VWR4490,52,Female,Standard,2,120
VWR4491,27,Male,Basic,9,80
VWR4492,60,Female,Standard,1,10
VWR4493,23,Non-Binary,Basic,6,50
VWR4494,53,Male,Basic,10,40
VWR4495,41,Female,Basic,2,110
VWR4496,35,Female,Basic,6,50
VWR4497,62,Female,Standard,4,10
VWR4498,34,Male,Standard,9,80
VWR4499,29,Male,Basic,2,100
VWR4500,62,Male,Standard,4,10
VWR4501,34,Male,Basic,9,80
VWR4502,56,Male,Basic,6,50
VWR4503,21,Non-Binary,Basic,3,30
VWR4504,50,Female,Standard,9,80
VWR4505,52,Male,Standard,9,80
VWR4506,56,Male,Standard,1,10
VWR4507,43,Female,Basic,1,10
VWR4508,42,Male,Standard,5,40
VWR4509,30,Female,Basic,1,10
VWR4510,45,Male,Standard,3,30
VWR4511,52,Female,Standard,6,50
VWR4512,59,Male,Basic,1,10
VWR4513,54,Female,Standard,3,30
VWR4514,55,Female,Premium,1,10
VWR4515,34,Male,Standard,9,80
VWR4516,61,Female,Basic,2,100
VWR4517,23,Female,Basic,2,20
VWR4518,61,Male,Basic,4,10
VWR4519,48,Male,Standard,2,20
VWR4520,43,Female,Premium,6,50
VWR4521,48,Male,Basic,2,20
VWR4522,48,Female,Basic,10,40
VWR4523,53,Female,Standard,2,110
VWR4524,46,Female,Standard,4,10
VWR4525,60,Male,Premium,2,20
VWR4526,54,Female,Basic,1,10
VWR4527,24,Female,Standard,3,30
VWR4528,29,Male,Basic,1,10
VWR4529,54,Female,Standard,2,100
VWR4530,32,Female,Standard,9,80
VWR4531,18,Non-Binary,Basic,1,10
VWR4532,48,Male,Standard,9,80
VWR4533,35,Female,Standard,4,10
VWR4534,39,Female,Premium,5,40
VWR4535,65,Non-Binary,Standard,2,120
VWR4536,40,Male,Standard,2,90
VWR4537,65,Male,Standard,5,40
VWR4538,23,Male,Basic,1,10
VWR4539,31,Male,Basic,7,60
VWR4540,61,Female,Basic,7,60
VWR4541,30,Male,Premium,9,80
VWR4542,32,Female,Standard,10,40
VWR4543,43,Female,Standard,7,60
VWR4544,46,Male,Basic,5,40
VWR4545,42,Female,Basic,5,40
VWR4546,39,Female,Basic,4,10
VWR4547,37,Female,Basic,7,60
VWR4548,57,Female,Standard,2,100
VWR4549,35,Female,Basic,1,10
VWR4550,39,Female,Basic,1,10
VWR4551,61,Male,Basic,6,50
VWR4552,57,Female,Standard,2,120
VWR4553,41,Female,Basic,1,10
VWR4554,65,Female,Basic,10,40
VWR4555,62,Non-Binary,Premium,1,10
VWR4556,62,Female,Premium,3,30
VWR4557,50,Female,Standard,2,110
VWR4558,56,Male,Basic,6,50
VWR4559,44,Male,Standard,2,120
VWR4560,60,Male,Standard,1,10
VWR4561,62,Female,Standard,5,40
VWR4562,20,Female,Basic,9,80
VWR4563,34,Male,Standard,8,70
VWR4564,60,Female,Basic,10,40
VWR4565,36,Female,Basic,8,70
VWR4566,48,Female,Standard,4,10
VWR4567,57,Male,Basic,1,10
VWR4568,36,Female,Standard,7,60
VWR4569,52,Male,Basic,4,10
VWR4570,29,Female,Premium,1,10
VWR4571,48,Female,Premium,10,40
VWR4572,29,Male,Standard,5,40
VWR4573,49,Male,Basic,3,30
VWR4574,57,Female,Basic,2,90
VWR4575,57,Female,Standard,2,110
VWR4576,55,Non-Binary,Standard,4,10
VWR4577,39,Male,Basic,10,40
VWR4578,36,Non-Binary,Basic,2,110
VWR4579,57,Female,Basic,1,10
VWR4580,62,Non-Binary,Standard,9,80
VWR4581,18,Female,Premium,9,80
VWR4582,39,Female,Basic,2,110
VWR4583,31,Male,Premium,6,50
VWR4584,19,Male,Premium,3,30
VWR4585,51,Male,Basic,8,70
VWR4586,45,Female,Standard,4,10
VWR4587,41,Male,Premium,2,20
VWR4588,26,Female,Basic,1,10
VWR4589,47,Male,Standard,9,80
VWR4590,51,Male,Basic,4,10
VWR4591,20,Male,Basic,2,110
VWR4592,37,Male,Basic,5,40
VWR4593,61,Male,Premium,8,70
VWR4594,49,Male,Standard,5,40
VWR4595,36,Male,Premium,5,40
VWR4596,22,Female,Basic,2,90
VWR4597,31,Female,Basic,4,10
VWR4598,29,Female,Standard,4,10
VWR4599,21,Female,Standard,7,60
VWR4600,40,Female,Standard,2,100
VWR4601,42,Male,Standard,3,30
VWR4602,36,Male,Premium,6,50
VWR4603,53,Female,Basic,1,10
VWR4604,28,Female,Standard,1,10
VWR4605,45,Female,Premium,4,10
VWR4606,35,Male,Premium,2,120
VWR4607,37,Male,Standard,4,10
VWR4608,62,Female,Premium,1,10
VWR4609,39,Male,Basic,2,20
VWR4610,61,Male,Standard,5,40
VWR4611,47,Male,Standard,4,10
VWR4612,31,Female,Premium,8,70
VWR4613,42,Female,Premium,2,110
VWR4614,46,Female,Standard,1,10
VWR4615,26,Male,Standard,4,10
VWR4616,39,Male,Basic,5,40
VWR4617,42,Non-Binary,Standard,3,30
VWR4618,50,Non-Binary,Standard,1,10
VWR4619,35,Male,Basic,4,10
VWR4620,44,Male,Standard,6,50
VWR4621,35,Female,Basic,8,70
VWR4622,58,Female,Standard,9,80
VWR4623,29,Male,Standard,2,110
VWR4624,46,Female,Standard,8,70
VWR4625,34,Male,Basic,1,10
VWR4626,48,Male,Premium,2,120
VWR4627,32,Female,Standard,7,60
VWR4628,53,Male,Premium,1,10
VWR4629,37,Female,Standard,2,20
VWR4630,64,Non-Binary,Basic,1,10
VWR4631,51,Female,Standard,2,110
VWR4632,55,Female,Premium,5,40
VWR4633,59,Male,Basic,10,40
VWR4634,52,Female,Basic,2,120
VWR4635,44,Female,Premium,7,60
VWR4636,32,Female,Premium,2,110
VWR4637,39,Male,Basic,10,40
VWR4638,35,Female,Premium,10,40
VWR4639,49,Female,Basic,2,110
VWR4640,57,Female,Premium,6,50
VWR4641,52,Female,Standard,1,10
VWR4642,62,Male,Basic,3,30
VWR4643,28,Male,Standard,8,70
VWR4644,55,Female,Standard,10,40
VWR4645,44,Male,Standard,2,90
VWR4646,53,Female,Basic,1,10
VWR4647,63,Male,Premium,1,10
VWR4648,19,Female,Basic,2,120
VWR4649,49,Male,Standard,10,40
VWR4650,32,Male,Standard,1,10
VWR4651,38,Female,Standard,4,10
VWR4652,20,Female,Basic,10,40
VWR4653,31,Male,Basic,1,10
VWR4654,38,Male,Basic,7,60
VWR4655,46,Female,Standard,5,40
VWR4656,38,Female,Standard,3,30
VWR4657,41,Male,Premium,2,120
VWR4658,36,Male,Standard,5,40
VWR4659,57,Female,Premium,4,10
VWR4660,39,Male,Standard,1,10
VWR4661,42,Male,Standard,5,40
VWR4662,25,Male,Standard,1,10
VWR4663,36,Female,Standard,9,80
VWR4664,28,Female,Basic,4,10
VWR4665,41,Male,Premium,8,70
VWR4666,60,Female,Standard,10,40
VWR4667,22,Male,Basic,3,30
VWR4668,57,Female,Basic,9,80
VWR4669,49,Male,Basic,2,100
VWR4670,31,Male,Premium,1,10
VWR4671,58,Male,Standard,1,10
VWR4672,19,Female,Standard,2,90
VWR4673,21,Male,Standard,1,10
VWR4674,33,Male,Premium,5,40
VWR4675,65,Non-Binary,Premium,7,60
VWR4676,55,Male,Standard,2,90
VWR4677,54,Male,Basic,2,20
VWR4678,53,Female,Standard,6,50
VWR4679,28,Male,Standard,8,70
VWR4680,21,Female,Basic,4,10
VWR4681,56,Female,Basic,7,60
VWR4682,59,Male,Basic,7,60
VWR4683,23,Female,Standard,2,20
VWR4684,25,Male,Basic,10,40
VWR4685,32,Male,Standard,10,40
VWR4686,30,Male,Standard,2,20
VWR4687,62,Male,Standard,4,10
VWR4688,23,Male,Basic,4,10
VWR4689,25,Female,Basic,7,60
VWR4690,57,Male,Standard,7,60
VWR4691,32,Male,Basic,2,20
VWR4692,53,Male,Standard,8,70
VWR4693,21,Female,Standard,10,40
VWR4694,55,Male,Standard,6,50
VWR4695,28,Male,Premium,7,60
VWR4696,54,Female,Basic,1,10
VWR4697,60,Male,Basic,1,10
VWR4698,64,Female,Basic,10,40
VWR4699,32,Female,Premium,2,90
VWR4700,49,Male,Basic,4,10
VWR4701,62,Non-Binary,Premium,9,80
VWR4702,59,Male,Standard,1,10
VWR4703,57,Male,Standard,4,10
VWR4704,36,Male,Premium,7,60
VWR4705,33,Female,Standard,1,10
VWR4706,33,Male,Standard,1,10
VWR4707,45,Male,Standard,4,10
VWR4708,48,Female,Basic,2,120
VWR4709,49,Male,Standard,8,70
VWR4710,63,Female,Standard,1,10
VWR4711,65,Male,Standard,2,110
VWR4712,60,Female,Standard,8,70
VWR4713,23,Female,Premium,6,50
VWR4714,21,Male,Premium,6,50
VWR4715,19,Non-Binary,Standard,7,60
VWR4716,42,Female,Basic,4,10
VWR4717,19,Male,Standard,2,110
VWR4718,43,Male,Standard,2,120
VWR4719,26,Non-Binary,Basic,8,70
VWR4720,21,Male,Basic,6,50
VWR4721,51,Female,Standard,5,40
VWR4722,22,Male,Basic,4,10
VWR4723,29,Male,Basic,2,90
VWR4724,43,Male,Standard,1,10
VWR4725,36,Female,Standard,3,30
VWR4726,30,Female,Standard,3,30
VWR4727,56,Female,Premium,2,100
VWR4728,27,Female,Premium,3,30
VWR4729,62,Male,Standard,9,80
VWR4730,65,Male,Basic,10,40
VWR4731,31,Female,Basic,9,80
VWR4732,44,Female,Premium,4,10
VWR4733,51,Female,Standard,9,80
VWR4734,52,Female,Basic,2,110
VWR4735,30,Male,Standard,6,50
VWR4736,27,Non-Binary,Standard,5,40
VWR4737,62,Male,Basic,1,10
VWR4738,44,Male,Standard,2,100
VWR4739,65,Female,Standard,3,30
VWR4740,32,Female,Basic,1,10
VWR4741,32,Male,Basic,1,10
VWR4742,54,Male,Standard,9,80
VWR4743,40,Female,Basic,1,10
VWR4744,65,Female,Basic,1,10
VWR4745,46,Male,Basic,1,10
VWR4746,62,Male,Basic,2,90
VWR4747,25,Male,Standard,2,110
VWR4748,30,Female,Basic,1,10
VWR4749,28,Male,Standard,3,30
VWR4750,39,Male,Standard,7,60
VWR4751,34,Male,Standard,2,100
VWR4752,42,Female,Basic,10,40
VWR4753,32,Female,Basic,8,70
VWR4754,30,Male,Standard,2,20
VWR4755,35,Non-Binary,Premium,2,100
VWR4756,45,Male,Basic,2,110
VWR4757,23,Male,Premium,1,10
VWR4758,26,Male,Standard,5,40
VWR4759,51,Male,Standard,10,40
VWR4760,61,Male,Basic,9,80
VWR4761,46,Female,Premium,8,70
VWR4762,32,Female,Standard,2,120
VWR4763,55,Male,Standard,9,80
VWR4764,55,Male,Basic,3,30
VWR4765,54,Male,Standard,6,50
VWR4766,20,Female,Basic,9,80
VWR4767,19,Male,Premium,2,100
VWR4768,53,Male,Premium,4,10
VWR4769,47,Male,Standard,10,40
VWR4770,49,Female,Basic,1,10
VWR4771,39,Female,Basic,5,40
VWR4772,56,Non-Binary,Basic,7,60
VWR4773,42,Male,Basic,4,10
VWR4774,23,Non-Binary,Standard,1,10
VWR4775,62,Female,Standard,3,30
VWR4776,39,Male,Basic,2,110
VWR4777,44,Non-Binary,Standard,1,10
VWR4778,63,Female,Standard,10,40
VWR4779,37,Male,Standard,2,100
VWR4780,55,Male,Basic,2,100
VWR4781,44,Female,Standard,1,10
VWR4782,45,Male,Standard,8,70
VWR4783,63,Male,Premium,4,10
VWR4784,21,Male,Basic,8,70
VWR4785,24,Male,Standard,4,10
VWR4786,46,Male,Basic,2,100
VWR4787,20,Female,Premium,6,50
VWR4788,54,Male,Basic,7,60
VWR4789,36,Male,Standard,6,50
VWR4790,33,Male,Standard,5,40
VWR4791,52,Male,Basic,1,10
VWR4792,52,Female,Standard,1,10
VWR4793,60,Female,Premium,8,70
VWR4794,31,Male,Basic,1,10
VWR4795,42,Male,Standard,9,80
VWR4796,24,Female,Basic,6,50
VWR4797,64,Female,Basic,4,10
VWR4798,47,Non-Binary,Standard,3,30
VWR4799,56,Male,Premium,3,30
VWR4800,49,Female,Basic,9,80
VWR4801,25,Male,Premium,10,40
VWR4802,63,Female,Premium,2,110
VWR4803,50,Male,Standard,10,40
VWR4804,37,Male,Standard,3,30
VWR4805,49,Male,Standard,9,80
VWR4806,51,Female,Premium,7,60
VWR4807,63,Male,Standard,7,60
VWR4808,48,Non-Binary,Standard,6,50
VWR4809,64,Female,Basic,8,70
VWR4810,53,Female,Standard,3,30
VWR4811,39,Female,Basic,2,90
VWR4812,64,Female,Premium,7,60
VWR4813,28,Female,Standard,4,10
VWR4814,55,Male,Standard,4,10
VWR4815,27,Female,Standard,2,20
VWR4816,31,Female,Basic,6,50
VWR4817,41,Male,Standard,4,10
VWR4818,26,Non-Binary,Standard,2,120
VWR4819,18,Male,Premium,1,10
VWR4820,65,Female,Premium,3,30
VWR4821,49,Female,Basic,2,90
VWR4822,64,Male,Standard,5,40
VWR4823,55,Male,Basic,7,60
VWR4824,63,Male,Premium,7,60
VWR4825,33,Male,Basic,9,80
VWR4826,62,Female,Standard,1,10
VWR4827,44,Female,Basic,2,110
VWR4828,48,Female,Standard,2,20
VWR4829,43,Male,Basic,2,100
VWR4830,41,Female,Basic,3,30
VWR4831,28,Female,Standard,4,10
VWR4832,49,Female,Standard,4,10
VWR4833,20,Male,Basic,8,70
VWR4834,27,Male,Standard,1,10
VWR4835,57,Non-Binary,Basic,1,10
VWR4836,60,Non-Binary,Basic,2,110
VWR4837,41,Non-Binary,Basic,1,10
VWR4838,63,Female,Premium,1,10
VWR4839,34,Female,Basic,3,30
VWR4840,23,Male,Basic,2,100
VWR4841,35,Male,Standard,5,40
VWR4842,39,Female,Basic,2,90
VWR4843,54,Female,Basic,7,60
VWR4844,40,Female,Premium,6,50
VWR4845,56,Female,Basic,2,110
VWR4846,32,Male,Basic,3,30
VWR4847,40,Female,Basic,1,10
VWR4848,51,Male,Basic,10,40
VWR4849,32,Female,Basic,7,60
VWR4850,31,Male,Basic,2,120
VWR4851,64,Female,Premium,2,110
VWR4852,62,Female,Basic,1,10
VWR4853,31,Female,Basic,2,20
VWR4854,32,Female,Basic,1,10
VWR4855,58,Female,Premium,1,10
VWR4856,41,Male,Standard,2,100
VWR4857,41,Female,Premium,1,10
VWR4858,18,Male,Basic,4,10
VWR4859,51,Female,Standard,1,10
VWR4860,48,Non-Binary,Standard,2,20
VWR4861,59,Female,Basic,2,20
VWR4862,40,Male,Standard,8,70
VWR4863,24,Male,Standard,6,50
VWR4864,32,Male,Standard,4,10
VWR4865,38,Male,Basic,2,20
VWR4866,30,Female,Premium,8,70
VWR4867,51,Female,Standard,4,10
VWR4868,51,Non-Binary,Basic,2,90
VWR4869,20,Male,Standard,7,60
VWR4870,47,Female,Standard,9,80
VWR4871,31,Female,Basic,3,30
VWR4872,28,Male,Standard,2,90
VWR4873,61,Male,Basic,7,60
VWR4874,61,Female,Basic,2,20
VWR4875,45,Male,Premium,2,110
VWR4876,43,Female,Standard,5,40
VWR4877,32,Non-Binary,Standard,2,110
VWR4878,37,Female,Standard,3,30
VWR4879,33,Male,Standard,4,10
VWR4880,23,Female,Basic,6,50
VWR4881,29,Male,Premium,3,30
VWR4882,24,Male,Standard,2,90
VWR4883,36,Male,Standard,2,110
VWR4884,56,Male,Basic,2,120
VWR4885,18,Male,Standard,4,10
VWR4886,44,Male,Standard,2,100
VWR4887,30,Male,Basic,5,40
VWR4888,20,Male,Standard,3,30
VWR4889,60,Male,Premium,1,10
VWR4890,31,Male,Standard,3,30
VWR4891,28,Male,Standard,5,40
VWR4892,31,Female,Premium,7,60
VWR4893,64,Male,Premium,1,10
VWR4894,54,Male,Premium,3,30
VWR4895,18,Female,Standard,2,110
VWR4896,18,Male,Standard,1,10
VWR4897,65,Male,Premium,2,20
VWR4898,44,Male,Premium,6,50
VWR4899,54,Female,Basic,2,120
VWR4900,40,Female,Standard,3,30
VWR4901,45,Female,Standard,2,110
VWR4902,19,Female,Standard,4,10
VWR4903,36,Female,Standard,9,80
VWR4904,41,Female,Standard,5,40
VWR4905,40,Female,Premium,1,10
VWR4906,44,Male,Standard,6,50
VWR4907,31,Female,Premium,2,110
VWR4908,53,Female,Standard,4,10
VWR4909,63,Male,Standard,7,60
VWR4910,60,Male,Standard,4,10
VWR4911,23,Female,Standard,9,80
VWR4912,37,Female,Standard,7,60
VWR4913,52,Female,Premium,4,10
VWR4914,40,Male,Premium,2,100
VWR4915,57,Male,Basic,3,30
VWR4916,38,Male,Basic,1,10
VWR4917,54,Female,Premium,3,30
VWR4918,56,Non-Binary,Basic,2,110
VWR4919,37,Female,Basic,9,80
VWR4920,56,Male,Premium,2,110
VWR4921,24,Female,Standard,1,10
VWR4922,50,Male,Basic,8,70
VWR4923,31,Male,Basic,4,10
VWR4924,42,Male,Premium,4,10
VWR4925,21,Male,Standard,4,10
VWR4926,45,Female,Standard,2,110
VWR4927,23,Male,Basic,5,40
VWR4928,39,Male,Standard,1,10
VWR4929,61,Male,Basic,6,50
VWR4930,63,Female,Premium,2,110
VWR4931,54,Female,Basic,1,10
VWR4932,37,Male,Standard,7,60
VWR4933,41,Male,Standard,2,90
VWR4934,60,Male,Basic,6,50
VWR4935,38,Female,Standard,2,100
VWR4936,55,Male,Premium,1,10
VWR4937,51,Male,Premium,1,10
VWR4938,22,Male,Basic,9,80
VWR4939,24,Non-Binary,Basic,2,110
VWR4940,42,Female,Standard,2,20
VWR4941,36,Female,Standard,1,10
VWR4942,43,Female,Standard,1,10
VWR4943,40,Male,Standard,1,10
VWR4944,65,Female,Basic,5,40
VWR4945,44,Female,Basic,9,80
VWR4946,22,Female,Standard,2,110
VWR4947,57,Non-Binary,Standard,5,40
VWR4948,53,Female,Premium,2,90
VWR4949,41,Male,Premium,8,70
VWR4950,56,Male,Basic,6,50
VWR4951,31,Female,Basic,4,10
VWR4952,54,Male,Premium,1,10
VWR4953,34,Male,Basic,1,10
VWR4954,31,Female,Standard,10,40
VWR4955,48,Female,Standard,9,80
VWR4956,63,Male,Standard,2,90
VWR4957,22,Female,Premium,2,20
VWR4958,44,Female,Standard,10,40
VWR4959,59,Male,Basic,6,50
VWR4960,22,Male,Standard,2,100
VWR4961,25,Male,Standard,1,10
VWR4962,22,Female,Premium,8,70
VWR4963,26,Female,Standard,5,40
VWR4964,61,Female,Standard,7,60
VWR4965,29,Male,Standard,2,20
VWR4966,49,Female,Premium,6,50
VWR4967,27,Male,Standard,1,10
VWR4968,39,Female,Standard,7,60
VWR4969,62,Female,Premium,5,40
VWR4970,19,Female,Standard,1,10
VWR4971,54,Female,Premium,5,40
VWR4972,36,Male,Basic,1,10
VWR4973,27,Female,Premium,1,10
VWR4974,18,Female,Standard,7,60
VWR4975,62,Female,Standard,2,20
VWR4976,20,Female,Standard,2,110
VWR4977,49,Female,Basic,6,50
VWR4978,53,Female,Basic,7,60
VWR4979,34,Male,Premium,4,10
VWR4980,43,Male,Standard,1,10
VWR4981,39,Female,Premium,8,70
VWR4982,26,Female,Standard,1,10
VWR4983,56,Female,Standard,2,110
VWR4984,40,Female,Basic,5,40
VWR4985,35,Male,Basic,2,120
VWR4986,19,Male,Standard,4,10
VWR4987,59,Male,Standard,9,80
VWR4988,61,Female,Standard,2,90
VWR4989,42,Female,Premium,3,30
VWR4990,30,Male,Standard,7,60
VWR4991,36,Female,Standard,8,70
VWR4992,25,Male,Basic,5,40
VWR4993,51,Male,Premium,6,50
VWR4994,61,Male,Standard,1,10
VWR4995,23,Male,Standard,2,110
VWR4996,64,Female,Standard,1,10
VWR4997,37,Female,Basic,7,60
VWR4998,43,Female,Standard,7,60
VWR4999,61,Male,Standard,5,40
VWR5000,41,Male,Premium,1,10
